project_id,dataset_id,table_name,column_path,data_type,ordinal_position,is_nullable,field_level
fulfillment-dwh-production,curated_data_shared_vendor,growth_vendor_attributes_latest,created_date,DATE,1,YES,TOP_LEVEL
fulfillment-dwh-production,curated_data_shared_vendor,growth_vendor_attributes_latest,region,STRING,2,YES,TOP_LEVEL
fulfillment-dwh-production,curated_data_shared_vendor,growth_vendor_attributes_latest,entity_id,STRING,3,YES,TOP_LEVEL
fulfillment-dwh-production,curated_data_shared_vendor,growth_vendor_attributes_latest,vendor_code,STRING,4,YES,TOP_LEVEL
fulfillment-dwh-production,curated_data_shared_vendor,growth_vendor_attributes_latest,vendor_name,STRING,5,YES,TOP_LEVEL
fulfillment-dwh-production,curated_data_shared_vendor,growth_vendor_attributes_latest,transmission_type,STRING,6,YES,TOP_LEVEL
fulfillment-dwh-production,curated_data_shared_vendor,growth_vendor_attributes_latest,cuisine_name,STRING,7,YES,TOP_LEVEL
fulfillment-dwh-production,curated_data_shared_vendor,growth_vendor_attributes_latest,city_name,STRING,8,YES,TOP_LEVEL
fulfillment-dwh-production,curated_data_shared_vendor,growth_vendor_attributes_latest,is_active,BOOL,9,YES,TOP_LEVEL
fulfillment-dwh-production,curated_data_shared_vendor,growth_vendor_attributes_latest,activation_date,DATE,10,YES,TOP_LEVEL
fulfillment-dwh-production,curated_data_shared_vendor,growth_vendor_attributes_latest,key_account_sub_category,STRING,11,YES,TOP_LEVEL
fulfillment-dwh-production,curated_data_shared_vendor,growth_vendor_attributes_latest,delivery_type,STRING,12,YES,TOP_LEVEL
fulfillment-dwh-production,curated_data_shared_vendor,growth_vendor_attributes_latest,zombie_vendor,BOOL,13,YES,TOP_LEVEL
fulfillment-dwh-production,curated_data_shared_vendor,growth_vendor_attributes_latest,country_code,STRING,14,YES,TOP_LEVEL
fulfillment-dwh-production,curated_data_shared_vendor,growth_vendor_attributes_latest,is_salesforce_enabled,BOOL,15,YES,TOP_LEVEL
fulfillment-dwh-production,curated_data_shared_vendor,growth_vendor_attributes_latest,is_inbox_enabled,BOOL,16,YES,TOP_LEVEL
fulfillment-dwh-production,curated_data_shared_vendor,growth_vendor_attributes_latest,is_real_time_vendor_late_rule,BOOL,17,YES,TOP_LEVEL
fulfillment-dwh-production,curated_data_shared_vendor,growth_vendor_attributes_latest,vertical_type,STRING,18,YES,TOP_LEVEL
fulfillment-dwh-production,curated_data_shared_vendor,growth_vendor_attributes_latest,vertical_food,STRING,19,YES,TOP_LEVEL
fulfillment-dwh-production,curated_data_shared_vendor,growth_vendor_attributes_latest,vendor_grade,STRING,20,YES,TOP_LEVEL
fulfillment-dwh-production,curated_data_shared_vendor,growth_vendor_attributes_latest,is_new_vendor,BOOL,21,YES,TOP_LEVEL
fulfillment-dwh-production,curated_data_shared_vendor,growth_vendor_attributes_latest,is_zombie_vendor,BOOL,22,YES,TOP_LEVEL
fulfillment-dwh-production,curated_data_shared_vendor,growth_vendor_attributes_latest,is_dormant_vendor,BOOL,23,YES,TOP_LEVEL
fulfillment-dwh-production,curated_data_shared_vendor,growth_vendor_attributes_latest,is_inoperative_vendor,BOOL,24,YES,TOP_LEVEL
fulfillment-dwh-production,curated_data_shared_vendor,growth_vendor_attributes_latest,is_unengaged_vendor,BOOL,25,YES,TOP_LEVEL
fulfillment-dwh-production,curated_data_shared_vendor,growth_vendor_attributes_latest,is_test_vendor,BOOL,26,YES,TOP_LEVEL
fulfillment-dwh-production,curated_data_shared_vendor,growth_vendor_attributes_latest,total_orders,INT64,27,YES,TOP_LEVEL
fulfillment-dwh-production,curated_data_shared_vendor,growth_vendor_attributes_latest,all_vendor_orders,INT64,28,YES,TOP_LEVEL
fulfillment-dwh-production,curated_data_shared_vendor,growth_vendor_attributes_latest,first_order_date_local,DATE,29,YES,TOP_LEVEL
fulfillment-dwh-production,curated_data_shared_vendor,growth_vendor_attributes_latest,latest_order_date_local,DATE,30,YES,TOP_LEVEL
fulfillment-dwh-production,curated_data_shared_vendor,growth_vendor_attributes_latest,successful_orders,INT64,31,YES,TOP_LEVEL
fulfillment-dwh-production,curated_data_shared_vendor,growth_vendor_attributes_latest,is_prep_time_abuse_vendor,BOOL,32,YES,TOP_LEVEL
fulfillment-dwh-production,curated_data_shared_vendor,growth_vendor_attributes_latest,prep_time_abuse_level,STRING,33,YES,TOP_LEVEL
fulfillment-dwh-production,curated_data_shared_vendor,growth_vendor_attributes_latest,is_latest_record,BOOL,34,YES,TOP_LEVEL
fulfillment-dwh-production,curated_data_shared_vendor,growth_vendor_attributes_latest,is_vm_uo_offlining,BOOL,35,YES,TOP_LEVEL
fulfillment-dwh-production,curated_data_shared_vendor,growth_vendor_attributes_latest,is_vm_uo_offlining_disabled_reason,STRING,36,YES,TOP_LEVEL
fulfillment-dwh-production,curated_data_shared_vendor,growth_vendor_attributes_latest,is_vm_uo_autocall,BOOL,37,YES,TOP_LEVEL
fulfillment-dwh-production,curated_data_shared_vendor,growth_vendor_attributes_latest,is_vm_uo_autocall_disabled_reason,STRING,38,YES,TOP_LEVEL
fulfillment-dwh-production,curated_data_shared_vendor,growth_vendor_attributes_latest,is_check_in_supported,BOOL,39,YES,TOP_LEVEL
fulfillment-dwh-production,curated_data_shared_vendor,growth_vendor_attributes_latest,is_checkin_in_not_supported_reason,STRING,40,YES,TOP_LEVEL
fulfillment-dwh-production,curated_data_shared_vendor,growth_vendor_attributes_latest,is_check_out_supported,BOOL,41,YES,TOP_LEVEL
fulfillment-dwh-production,curated_data_shared_vendor,growth_vendor_attributes_latest,is_check_out_not_supported_reason,STRING,42,YES,TOP_LEVEL
fulfillment-dwh-production,curated_data_shared_vendor,growth_vendor_attributes_latest,updated_date,DATE,43,YES,TOP_LEVEL
fulfillment-dwh-production,curated_data_shared_vendor,growth_vendor_attributes_latest,updated_date_local,DATE,44,YES,TOP_LEVEL
fulfillment-dwh-production,curated_data_shared_vendor,growth_vendor_attributes_latest,checkout_in_minutes,INT64,45,YES,TOP_LEVEL
fulfillment-dwh-production,curated_data_shared_vendor,growth_vendor_attributes_latest,checkout_offline_in_minutes,INT64,46,YES,TOP_LEVEL
fulfillment-dwh-production,curated_data_shared_vendor,growth_vendor_attributes_latest,is_rewards_supported,BOOL,47,YES,TOP_LEVEL
fulfillment-dwh-production,curated_data_shared_vendor,growth_vendor_attributes_latest,rules_availability_enabled,BOOL,48,YES,TOP_LEVEL
fulfillment-dwh-production,curated_data_shared_vendor,growth_vendor_attributes_latest,rules_unreachable_enabled,BOOL,49,YES,TOP_LEVEL
fulfillment-dwh-production,curated_data_shared_vendor,growth_vendor_attributes_latest,rules_order_failure_enabled,BOOL,50,YES,TOP_LEVEL
fulfillment-dwh-production,curated_data_shared_vendor,growth_vendor_attributes_latest,rules_vendor_late_enabled,BOOL,51,YES,TOP_LEVEL
fulfillment-dwh-production,curated_data_shared_vendor,growth_vendor_attributes_latest,rules_order_failure_realtime_enabled,BOOL,52,YES,TOP_LEVEL
fulfillment-dwh-production,curated_data_shared_vendor,growth_vendor_attributes_latest,is_appcues_enabled,BOOL,53,YES,TOP_LEVEL
fulfillment-dwh-production,curated_data_shared_vendor,growth_vendor_attributes_latest,appcues_design_variant,STRING,54,YES,TOP_LEVEL
fulfillment-dwh-production,curated_data_shared_vendor,growth_vendor_attributes_latest,attributes,"STRUCT<include_in_oneweb_migration BOOL, include_in_oneweb_migration_phase STRING, historical_rules STRUCT<is_avoidable_waiting_time_supported BOOL>, realtime_rules STRUCT<is_avoidable_waiting_time_supported BOOL, is_order_failure_smart_monitor_enabled BOOL, is_avoidable_waiting_time_smart_monitor_enabled BOOL, is_unreachable_notifications_supported BOOL, monitor_unreachable_threshold_configurations STRUCT<godroid STRING, godroid_byod STRING, goweb STRING, oneweb STRING, oneapp_ios STRING, oneapp_android STRING>, monitor_unreachable_threshold_last_updated_at TIMESTAMP, is_self_closure_realtime_supported BOOL, is_order_surge_realtime_supported BOOL, is_qc_saturation_supported BOOL>, availability STRUCT<is_always_available_supported BOOL>, vendor_monitor_tags ARRAY<STRING>>",55,YES,TOP_LEVEL
fulfillment-dwh-production,curated_data_shared_vendor,growth_vendor_attributes_latest,performance_grade,STRING,56,YES,TOP_LEVEL
fulfillment-dwh-production,curated_data_shared_vendor,growth_vendor_attributes_latest,performance_quantiles,"STRUCT<dish_description_rate_30d_quintile STRING, dish_photos_rate_30d_quintile STRING, rating_30d_quintile STRING, orders_30d_quintile STRING, orders_share_awt_over_10min_30d_quintile STRING, order_fail_rate_30d_quintile STRING, vendor_fail_rate_30d_quintile STRING, vendor_contact_rate_30d_quintile STRING, vendor_scheduled_sec_30d_quintile STRING, offline_rate_30d_quintile STRING, offline_rate_peak_30d_quintile STRING>",57,YES,TOP_LEVEL
fulfillment-dwh-production,curated_data_shared_vendor,growth_vendor_attributes_latest,hex_quantiles,"STRUCT<h8_entity_quintile STRING, h8_city_quintile STRING, h7_entity_quintile STRING, h7_city_quintile STRING, h6_entity_quintile STRING, h6_city_quintile STRING>",58,YES,TOP_LEVEL
fulfillment-dwh-production,curated_data_shared_vendor,growth_vendor_attributes_latest,performance_points,INT64,59,YES,TOP_LEVEL
fulfillment-dwh-production,curated_data_shared_vendor,growth_vendor_attributes_latest,order_failure_performance_grade,STRING,60,YES,TOP_LEVEL
fulfillment-dwh-production,curated_data_shared_vendor,growth_vendor_attributes_latest,awt_performance_grade,STRING,61,YES,TOP_LEVEL
fulfillment-dwh-production,curated_data_shared_vendor,growth_vendor_attributes_latest,vendor_behavior_segment,STRING,62,YES,TOP_LEVEL
fulfillment-dwh-production,curated_data_shared_vendor,growth_vendor_attributes_latest,hurrier_city_id,STRING,63,YES,TOP_LEVEL
fulfillment-dwh-production,curated_data_shared_vendor,growth_vendor_attributes_latest,is_rewards_adblocking_off,BOOL,64,YES,TOP_LEVEL
fulfillment-dwh-production,curated_data_shared_vendor,growth_vendor_attributes_latest,vendor_id,STRING,65,YES,TOP_LEVEL
fulfillment-dwh-production,curated_data_shared_vendor,growth_vendor_attributes_latest,recently_updated,BOOL,66,YES,TOP_LEVEL
fulfillment-dwh-production,curated_data_shared_vendor,growth_vendor_attributes_latest,attributes.availability,STRUCT<is_always_available_supported BOOL>,,,NESTED_FIELD
fulfillment-dwh-production,curated_data_shared_vendor,growth_vendor_attributes_latest,attributes.availability.is_always_available_supported,BOOL,,,NESTED_FIELD
fulfillment-dwh-production,curated_data_shared_vendor,growth_vendor_attributes_latest,attributes.historical_rules,STRUCT<is_avoidable_waiting_time_supported BOOL>,,,NESTED_FIELD
fulfillment-dwh-production,curated_data_shared_vendor,growth_vendor_attributes_latest,attributes.historical_rules.is_avoidable_waiting_time_supported,BOOL,,,NESTED_FIELD
fulfillment-dwh-production,curated_data_shared_vendor,growth_vendor_attributes_latest,attributes.include_in_oneweb_migration,BOOL,,,NESTED_FIELD
fulfillment-dwh-production,curated_data_shared_vendor,growth_vendor_attributes_latest,attributes.include_in_oneweb_migration_phase,STRING,,,NESTED_FIELD
fulfillment-dwh-production,curated_data_shared_vendor,growth_vendor_attributes_latest,attributes.realtime_rules,"STRUCT<is_avoidable_waiting_time_supported BOOL, is_order_failure_smart_monitor_enabled BOOL, is_avoidable_waiting_time_smart_monitor_enabled BOOL, is_unreachable_notifications_supported BOOL, monitor_unreachable_threshold_configurations STRUCT<godroid STRING, godroid_byod STRING, goweb STRING, oneweb STRING, oneapp_ios STRING, oneapp_android STRING>, monitor_unreachable_threshold_last_updated_at TIMESTAMP, is_self_closure_realtime_supported BOOL, is_order_surge_realtime_supported BOOL, is_qc_saturation_supported BOOL>",,,NESTED_FIELD
fulfillment-dwh-production,curated_data_shared_vendor,growth_vendor_attributes_latest,attributes.realtime_rules.is_avoidable_waiting_time_smart_monitor_enabled,BOOL,,,NESTED_FIELD
fulfillment-dwh-production,curated_data_shared_vendor,growth_vendor_attributes_latest,attributes.realtime_rules.is_avoidable_waiting_time_supported,BOOL,,,NESTED_FIELD
fulfillment-dwh-production,curated_data_shared_vendor,growth_vendor_attributes_latest,attributes.realtime_rules.is_order_failure_smart_monitor_enabled,BOOL,,,NESTED_FIELD
fulfillment-dwh-production,curated_data_shared_vendor,growth_vendor_attributes_latest,attributes.realtime_rules.is_order_surge_realtime_supported,BOOL,,,NESTED_FIELD
fulfillment-dwh-production,curated_data_shared_vendor,growth_vendor_attributes_latest,attributes.realtime_rules.is_qc_saturation_supported,BOOL,,,NESTED_FIELD
fulfillment-dwh-production,curated_data_shared_vendor,growth_vendor_attributes_latest,attributes.realtime_rules.is_self_closure_realtime_supported,BOOL,,,NESTED_FIELD
fulfillment-dwh-production,curated_data_shared_vendor,growth_vendor_attributes_latest,attributes.realtime_rules.is_unreachable_notifications_supported,BOOL,,,NESTED_FIELD
fulfillment-dwh-production,curated_data_shared_vendor,growth_vendor_attributes_latest,attributes.realtime_rules.monitor_unreachable_threshold_configurations,"STRUCT<godroid STRING, godroid_byod STRING, goweb STRING, oneweb STRING, oneapp_ios STRING, oneapp_android STRING>",,,NESTED_FIELD
fulfillment-dwh-production,curated_data_shared_vendor,growth_vendor_attributes_latest,attributes.realtime_rules.monitor_unreachable_threshold_configurations.godroid,STRING,,,NESTED_FIELD
fulfillment-dwh-production,curated_data_shared_vendor,growth_vendor_attributes_latest,attributes.realtime_rules.monitor_unreachable_threshold_configurations.godroid_byod,STRING,,,NESTED_FIELD
fulfillment-dwh-production,curated_data_shared_vendor,growth_vendor_attributes_latest,attributes.realtime_rules.monitor_unreachable_threshold_configurations.goweb,STRING,,,NESTED_FIELD
fulfillment-dwh-production,curated_data_shared_vendor,growth_vendor_attributes_latest,attributes.realtime_rules.monitor_unreachable_threshold_configurations.oneapp_android,STRING,,,NESTED_FIELD
fulfillment-dwh-production,curated_data_shared_vendor,growth_vendor_attributes_latest,attributes.realtime_rules.monitor_unreachable_threshold_configurations.oneapp_ios,STRING,,,NESTED_FIELD
fulfillment-dwh-production,curated_data_shared_vendor,growth_vendor_attributes_latest,attributes.realtime_rules.monitor_unreachable_threshold_configurations.oneweb,STRING,,,NESTED_FIELD
fulfillment-dwh-production,curated_data_shared_vendor,growth_vendor_attributes_latest,attributes.realtime_rules.monitor_unreachable_threshold_last_updated_at,TIMESTAMP,,,NESTED_FIELD
fulfillment-dwh-production,curated_data_shared_vendor,growth_vendor_attributes_latest,attributes.vendor_monitor_tags,ARRAY<STRING>,,,NESTED_FIELD
fulfillment-dwh-production,curated_data_shared_vendor,growth_vendor_attributes_latest,hex_quantiles.h6_city_quintile,STRING,,,NESTED_FIELD
fulfillment-dwh-production,curated_data_shared_vendor,growth_vendor_attributes_latest,hex_quantiles.h6_entity_quintile,STRING,,,NESTED_FIELD
fulfillment-dwh-production,curated_data_shared_vendor,growth_vendor_attributes_latest,hex_quantiles.h7_city_quintile,STRING,,,NESTED_FIELD
fulfillment-dwh-production,curated_data_shared_vendor,growth_vendor_attributes_latest,hex_quantiles.h7_entity_quintile,STRING,,,NESTED_FIELD
fulfillment-dwh-production,curated_data_shared_vendor,growth_vendor_attributes_latest,hex_quantiles.h8_city_quintile,STRING,,,NESTED_FIELD
fulfillment-dwh-production,curated_data_shared_vendor,growth_vendor_attributes_latest,hex_quantiles.h8_entity_quintile,STRING,,,NESTED_FIELD
fulfillment-dwh-production,curated_data_shared_vendor,growth_vendor_attributes_latest,performance_quantiles.dish_description_rate_30d_quintile,STRING,,,NESTED_FIELD
fulfillment-dwh-production,curated_data_shared_vendor,growth_vendor_attributes_latest,performance_quantiles.dish_photos_rate_30d_quintile,STRING,,,NESTED_FIELD
fulfillment-dwh-production,curated_data_shared_vendor,growth_vendor_attributes_latest,performance_quantiles.offline_rate_30d_quintile,STRING,,,NESTED_FIELD
fulfillment-dwh-production,curated_data_shared_vendor,growth_vendor_attributes_latest,performance_quantiles.offline_rate_peak_30d_quintile,STRING,,,NESTED_FIELD
fulfillment-dwh-production,curated_data_shared_vendor,growth_vendor_attributes_latest,performance_quantiles.order_fail_rate_30d_quintile,STRING,,,NESTED_FIELD
fulfillment-dwh-production,curated_data_shared_vendor,growth_vendor_attributes_latest,performance_quantiles.orders_30d_quintile,STRING,,,NESTED_FIELD
fulfillment-dwh-production,curated_data_shared_vendor,growth_vendor_attributes_latest,performance_quantiles.orders_share_awt_over_10min_30d_quintile,STRING,,,NESTED_FIELD
fulfillment-dwh-production,curated_data_shared_vendor,growth_vendor_attributes_latest,performance_quantiles.rating_30d_quintile,STRING,,,NESTED_FIELD
fulfillment-dwh-production,curated_data_shared_vendor,growth_vendor_attributes_latest,performance_quantiles.vendor_contact_rate_30d_quintile,STRING,,,NESTED_FIELD
fulfillment-dwh-production,curated_data_shared_vendor,growth_vendor_attributes_latest,performance_quantiles.vendor_fail_rate_30d_quintile,STRING,,,NESTED_FIELD
fulfillment-dwh-production,curated_data_shared_vendor,growth_vendor_attributes_latest,performance_quantiles.vendor_scheduled_sec_30d_quintile,STRING,,,NESTED_FIELD
fulfillment-dwh-production,curated_data_shared_vendor,growth_vendor_orders,region,STRING,1,YES,TOP_LEVEL
fulfillment-dwh-production,curated_data_shared_vendor,growth_vendor_orders,service,STRING,2,YES,TOP_LEVEL
fulfillment-dwh-production,curated_data_shared_vendor,growth_vendor_orders,transmission_flow,STRING,3,YES,TOP_LEVEL
fulfillment-dwh-production,curated_data_shared_vendor,growth_vendor_orders,country_iso,STRING,4,YES,TOP_LEVEL
fulfillment-dwh-production,curated_data_shared_vendor,growth_vendor_orders,is_obs_order,BOOL,5,YES,TOP_LEVEL
fulfillment-dwh-production,curated_data_shared_vendor,growth_vendor_orders,country_code,STRING,6,YES,TOP_LEVEL
fulfillment-dwh-production,curated_data_shared_vendor,growth_vendor_orders,entity,"STRUCT<id STRING, display_name STRING, brand_id STRING>",7,YES,TOP_LEVEL
fulfillment-dwh-production,curated_data_shared_vendor,growth_vendor_orders,created_date,DATE,8,YES,TOP_LEVEL
fulfillment-dwh-production,curated_data_shared_vendor,growth_vendor_orders,created_at,TIMESTAMP,9,YES,TOP_LEVEL
fulfillment-dwh-production,curated_data_shared_vendor,growth_vendor_orders,order_id,STRING,10,YES,TOP_LEVEL
fulfillment-dwh-production,curated_data_shared_vendor,growth_vendor_orders,order_code,STRING,11,YES,TOP_LEVEL
fulfillment-dwh-production,curated_data_shared_vendor,growth_vendor_orders,order_short_code,STRING,12,YES,TOP_LEVEL
fulfillment-dwh-production,curated_data_shared_vendor,growth_vendor_orders,pos_order_id,STRING,13,YES,TOP_LEVEL
fulfillment-dwh-production,curated_data_shared_vendor,growth_vendor_orders,vendor,"STRUCT<id STRING, code STRING>",14,YES,TOP_LEVEL
fulfillment-dwh-production,curated_data_shared_vendor,growth_vendor_orders,timezone,STRING,15,YES,TOP_LEVEL
fulfillment-dwh-production,curated_data_shared_vendor,growth_vendor_orders,delivery_type,STRING,16,YES,TOP_LEVEL
fulfillment-dwh-production,curated_data_shared_vendor,growth_vendor_orders,is_preorder,BOOL,17,YES,TOP_LEVEL
fulfillment-dwh-production,curated_data_shared_vendor,growth_vendor_orders,order_status,STRING,18,YES,TOP_LEVEL
fulfillment-dwh-production,curated_data_shared_vendor,growth_vendor_orders,transitions,"ARRAY<STRUCT<created_at TIMESTAMP, stage STRING, state STRING, source STRING, owner STRING, reason STRING>>",19,NO,TOP_LEVEL
fulfillment-dwh-production,curated_data_shared_vendor,growth_vendor_orders,received_at,TIMESTAMP,20,YES,TOP_LEVEL
fulfillment-dwh-production,curated_data_shared_vendor,growth_vendor_orders,waiting_for_transport_at,TIMESTAMP,21,YES,TOP_LEVEL
fulfillment-dwh-production,curated_data_shared_vendor,growth_vendor_orders,sending_to_vendor_at,TIMESTAMP,22,YES,TOP_LEVEL
fulfillment-dwh-production,curated_data_shared_vendor,growth_vendor_orders,received_by_vendor_at,TIMESTAMP,23,YES,TOP_LEVEL
fulfillment-dwh-production,curated_data_shared_vendor,growth_vendor_orders,modified_by_vendor_at,TIMESTAMP,24,YES,TOP_LEVEL
fulfillment-dwh-production,curated_data_shared_vendor,growth_vendor_orders,reconciliation_started_at,TIMESTAMP,25,YES,TOP_LEVEL
fulfillment-dwh-production,curated_data_shared_vendor,growth_vendor_orders,reconciled_with_platform_at,TIMESTAMP,26,YES,TOP_LEVEL
fulfillment-dwh-production,curated_data_shared_vendor,growth_vendor_orders,reconciled_with_transport_at,TIMESTAMP,27,YES,TOP_LEVEL
fulfillment-dwh-production,curated_data_shared_vendor,growth_vendor_orders,minutes_to_accept,INT64,28,YES,TOP_LEVEL
fulfillment-dwh-production,curated_data_shared_vendor,growth_vendor_orders,seconds_to_auto_accept,INT64,29,YES,TOP_LEVEL
fulfillment-dwh-production,curated_data_shared_vendor,growth_vendor_orders,accepted_by_vendor_at,TIMESTAMP,30,YES,TOP_LEVEL
fulfillment-dwh-production,curated_data_shared_vendor,growth_vendor_orders,implicitly_accepted_by_vendor_at,TIMESTAMP,31,YES,TOP_LEVEL
fulfillment-dwh-production,curated_data_shared_vendor,growth_vendor_orders,acceptance_owner,STRING,32,YES,TOP_LEVEL
fulfillment-dwh-production,curated_data_shared_vendor,growth_vendor_orders,prepared_at,TIMESTAMP,33,YES,TOP_LEVEL
fulfillment-dwh-production,curated_data_shared_vendor,growth_vendor_orders,preparation_minutes,INT64,34,YES,TOP_LEVEL
fulfillment-dwh-production,curated_data_shared_vendor,growth_vendor_orders,estimated_pickup_at,TIMESTAMP,35,YES,TOP_LEVEL
fulfillment-dwh-production,curated_data_shared_vendor,growth_vendor_orders,near_pickup_at,TIMESTAMP,36,YES,TOP_LEVEL
fulfillment-dwh-production,curated_data_shared_vendor,growth_vendor_orders,picked_up_at,TIMESTAMP,37,YES,TOP_LEVEL
fulfillment-dwh-production,curated_data_shared_vendor,growth_vendor_orders,near_dropoff_at,TIMESTAMP,38,YES,TOP_LEVEL
fulfillment-dwh-production,curated_data_shared_vendor,growth_vendor_orders,promised_for,TIMESTAMP,39,YES,TOP_LEVEL
fulfillment-dwh-production,curated_data_shared_vendor,growth_vendor_orders,requested_pickup_at,TIMESTAMP,40,YES,TOP_LEVEL
fulfillment-dwh-production,curated_data_shared_vendor,growth_vendor_orders,estimated_deliver_at,TIMESTAMP,41,YES,TOP_LEVEL
fulfillment-dwh-production,curated_data_shared_vendor,growth_vendor_orders,original_estimated_deliver_at,TIMESTAMP,42,YES,TOP_LEVEL
fulfillment-dwh-production,curated_data_shared_vendor,growth_vendor_orders,delivered_at,TIMESTAMP,43,YES,TOP_LEVEL
fulfillment-dwh-production,curated_data_shared_vendor,growth_vendor_orders,cancelled_at,TIMESTAMP,44,YES,TOP_LEVEL
fulfillment-dwh-production,curated_data_shared_vendor,growth_vendor_orders,stage,STRING,45,YES,TOP_LEVEL
fulfillment-dwh-production,curated_data_shared_vendor,growth_vendor_orders,timings,"STRUCT<transmission_time INT64, first_response_time INT64, response_time INT64, preparation_time INT64, pickup_adjustment_time INT64>",46,YES,TOP_LEVEL
fulfillment-dwh-production,curated_data_shared_vendor,growth_vendor_orders,cancellation,"STRUCT<reason STRING, owner STRING, is_cancelled_by_vendor BOOL, stage STRING, source STRING, is_upcoming_order BOOL>",47,YES,TOP_LEVEL
fulfillment-dwh-production,curated_data_shared_vendor,growth_vendor_orders,products,"ARRAY<STRUCT<id STRING, name STRING, reconciliation_option STRING, quantity FLOAT64, unit_price FLOAT64, weight FLOAT64, volume FLOAT64, is_optional BOOL, toppings ARRAY<STRUCT<id STRING, name STRING, quantity INT64, is_optional BOOL>>>>",48,NO,TOP_LEVEL
fulfillment-dwh-production,curated_data_shared_vendor,growth_vendor_orders,client,"STRUCT<name STRING, version STRING, wrapper_type STRING, wrapper_version STRING, pos_integration_type STRING, pos_integration_name STRING, pos_chain_name STRING, method STRING, os_name STRING, os_version STRING>",49,YES,TOP_LEVEL
fulfillment-dwh-production,curated_data_shared_vendor,growth_vendor_orders,device,"STRUCT<id STRING, serial_number STRING, mdm_service STRING, manufacturer STRING, model STRING, is_ngt_device BOOL>",50,YES,TOP_LEVEL
fulfillment-dwh-production,curated_data_shared_vendor,growth_vendor_orders,comment,STRING,51,YES,TOP_LEVEL
fulfillment-dwh-production,curated_data_shared_vendor,growth_vendor_orders,global_order_id,STRING,52,YES,TOP_LEVEL
fulfillment-dwh-production,curated_data_shared_vendor,growth_vendor_orders,obs_device_id,STRING,53,YES,TOP_LEVEL
fulfillment-dwh-production,curated_data_shared_vendor,growth_vendor_orders,item_unavailability_handling,STRING,54,YES,TOP_LEVEL
fulfillment-dwh-production,curated_data_shared_vendor,growth_vendor_orders,payment,"STRUCT<payment_type STRING, payment_type_details STRING, total_net FLOAT64, total_gross FLOAT64, vat_amount FLOAT64, vat_included BOOL, currency STRING, fees ARRAY<STRUCT<name STRING, value FLOAT64>>, discounts ARRAY<STRUCT<name STRING, value FLOAT64>>, pay_at_pickup FLOAT64, wallet_amount FLOAT64>",55,YES,TOP_LEVEL
fulfillment-dwh-production,curated_data_shared_vendor,growth_vendor_orders,payment_coredata,"ARRAY<STRUCT<currency_code STRING, gbv_local NUMERIC, gbv_eur NUMERIC, gmv_local NUMERIC, gmv_eur NUMERIC>>",56,NO,TOP_LEVEL
fulfillment-dwh-production,curated_data_shared_vendor,growth_vendor_orders,customer_id,STRING,57,YES,TOP_LEVEL
fulfillment-dwh-production,curated_data_shared_vendor,growth_vendor_orders,fx_rate_eur,NUMERIC,58,YES,TOP_LEVEL
fulfillment-dwh-production,curated_data_shared_vendor,growth_vendor_orders,high_demand_mode,"STRUCT<is_hd_order BOOL, author STRING, enabled_at TIMESTAMP, disabled_at TIMESTAMP, minutes_added INT64, duration INT64>",59,YES,TOP_LEVEL
fulfillment-dwh-production,curated_data_shared_vendor,growth_vendor_orders,reliability_metrics,"STRUCT<is_food_is_ready_abused BOOL, prep_time_adjustment STRING>",60,YES,TOP_LEVEL
fulfillment-dwh-production,curated_data_shared_vendor,growth_vendor_orders,original_order,"STRUCT<id STRING, relation STRING, reason STRING>",61,YES,TOP_LEVEL
fulfillment-dwh-production,curated_data_shared_vendor,growth_vendor_orders,logistics_delivery_id,STRING,62,YES,TOP_LEVEL
fulfillment-dwh-production,curated_data_shared_vendor,growth_vendor_orders,cancellation.is_cancelled_by_vendor,BOOL,,,NESTED_FIELD
fulfillment-dwh-production,curated_data_shared_vendor,growth_vendor_orders,cancellation.is_upcoming_order,BOOL,,,NESTED_FIELD
fulfillment-dwh-production,curated_data_shared_vendor,growth_vendor_orders,cancellation.owner,STRING,,,NESTED_FIELD
fulfillment-dwh-production,curated_data_shared_vendor,growth_vendor_orders,cancellation.reason,STRING,,,NESTED_FIELD
fulfillment-dwh-production,curated_data_shared_vendor,growth_vendor_orders,cancellation.source,STRING,,,NESTED_FIELD
fulfillment-dwh-production,curated_data_shared_vendor,growth_vendor_orders,cancellation.stage,STRING,,,NESTED_FIELD
fulfillment-dwh-production,curated_data_shared_vendor,growth_vendor_orders,client.method,STRING,,,NESTED_FIELD
fulfillment-dwh-production,curated_data_shared_vendor,growth_vendor_orders,client.name,STRING,,,NESTED_FIELD
fulfillment-dwh-production,curated_data_shared_vendor,growth_vendor_orders,client.os_name,STRING,,,NESTED_FIELD
fulfillment-dwh-production,curated_data_shared_vendor,growth_vendor_orders,client.os_version,STRING,,,NESTED_FIELD
fulfillment-dwh-production,curated_data_shared_vendor,growth_vendor_orders,client.pos_chain_name,STRING,,,NESTED_FIELD
fulfillment-dwh-production,curated_data_shared_vendor,growth_vendor_orders,client.pos_integration_name,STRING,,,NESTED_FIELD
fulfillment-dwh-production,curated_data_shared_vendor,growth_vendor_orders,client.pos_integration_type,STRING,,,NESTED_FIELD
fulfillment-dwh-production,curated_data_shared_vendor,growth_vendor_orders,client.version,STRING,,,NESTED_FIELD
fulfillment-dwh-production,curated_data_shared_vendor,growth_vendor_orders,client.wrapper_type,STRING,,,NESTED_FIELD
fulfillment-dwh-production,curated_data_shared_vendor,growth_vendor_orders,client.wrapper_version,STRING,,,NESTED_FIELD
fulfillment-dwh-production,curated_data_shared_vendor,growth_vendor_orders,device.id,STRING,,,NESTED_FIELD
fulfillment-dwh-production,curated_data_shared_vendor,growth_vendor_orders,device.is_ngt_device,BOOL,,,NESTED_FIELD
fulfillment-dwh-production,curated_data_shared_vendor,growth_vendor_orders,device.manufacturer,STRING,,,NESTED_FIELD
fulfillment-dwh-production,curated_data_shared_vendor,growth_vendor_orders,device.mdm_service,STRING,,,NESTED_FIELD
fulfillment-dwh-production,curated_data_shared_vendor,growth_vendor_orders,device.model,STRING,,,NESTED_FIELD
fulfillment-dwh-production,curated_data_shared_vendor,growth_vendor_orders,device.serial_number,STRING,,,NESTED_FIELD
fulfillment-dwh-production,curated_data_shared_vendor,growth_vendor_orders,entity.brand_id,STRING,,,NESTED_FIELD
fulfillment-dwh-production,curated_data_shared_vendor,growth_vendor_orders,entity.display_name,STRING,,,NESTED_FIELD
fulfillment-dwh-production,curated_data_shared_vendor,growth_vendor_orders,entity.id,STRING,,,NESTED_FIELD
fulfillment-dwh-production,curated_data_shared_vendor,growth_vendor_orders,high_demand_mode.author,STRING,,,NESTED_FIELD
fulfillment-dwh-production,curated_data_shared_vendor,growth_vendor_orders,high_demand_mode.disabled_at,TIMESTAMP,,,NESTED_FIELD
fulfillment-dwh-production,curated_data_shared_vendor,growth_vendor_orders,high_demand_mode.duration,INT64,,,NESTED_FIELD
fulfillment-dwh-production,curated_data_shared_vendor,growth_vendor_orders,high_demand_mode.enabled_at,TIMESTAMP,,,NESTED_FIELD
fulfillment-dwh-production,curated_data_shared_vendor,growth_vendor_orders,high_demand_mode.is_hd_order,BOOL,,,NESTED_FIELD
fulfillment-dwh-production,curated_data_shared_vendor,growth_vendor_orders,high_demand_mode.minutes_added,INT64,,,NESTED_FIELD
fulfillment-dwh-production,curated_data_shared_vendor,growth_vendor_orders,original_order.id,STRING,,,NESTED_FIELD
fulfillment-dwh-production,curated_data_shared_vendor,growth_vendor_orders,original_order.reason,STRING,,,NESTED_FIELD
fulfillment-dwh-production,curated_data_shared_vendor,growth_vendor_orders,original_order.relation,STRING,,,NESTED_FIELD
fulfillment-dwh-production,curated_data_shared_vendor,growth_vendor_orders,payment.currency,STRING,,,NESTED_FIELD
fulfillment-dwh-production,curated_data_shared_vendor,growth_vendor_orders,payment.discounts,"ARRAY<STRUCT<name STRING, value FLOAT64>>",,,NESTED_FIELD
fulfillment-dwh-production,curated_data_shared_vendor,growth_vendor_orders,payment.discounts.name,STRING,,,NESTED_FIELD
fulfillment-dwh-production,curated_data_shared_vendor,growth_vendor_orders,payment.discounts.value,FLOAT64,,,NESTED_FIELD
fulfillment-dwh-production,curated_data_shared_vendor,growth_vendor_orders,payment.fees,"ARRAY<STRUCT<name STRING, value FLOAT64>>",,,NESTED_FIELD
fulfillment-dwh-production,curated_data_shared_vendor,growth_vendor_orders,payment.fees.name,STRING,,,NESTED_FIELD
fulfillment-dwh-production,curated_data_shared_vendor,growth_vendor_orders,payment.fees.value,FLOAT64,,,NESTED_FIELD
fulfillment-dwh-production,curated_data_shared_vendor,growth_vendor_orders,payment.pay_at_pickup,FLOAT64,,,NESTED_FIELD
fulfillment-dwh-production,curated_data_shared_vendor,growth_vendor_orders,payment.payment_type,STRING,,,NESTED_FIELD
fulfillment-dwh-production,curated_data_shared_vendor,growth_vendor_orders,payment.payment_type_details,STRING,,,NESTED_FIELD
fulfillment-dwh-production,curated_data_shared_vendor,growth_vendor_orders,payment.total_gross,FLOAT64,,,NESTED_FIELD
fulfillment-dwh-production,curated_data_shared_vendor,growth_vendor_orders,payment.total_net,FLOAT64,,,NESTED_FIELD
fulfillment-dwh-production,curated_data_shared_vendor,growth_vendor_orders,payment.vat_amount,FLOAT64,,,NESTED_FIELD
fulfillment-dwh-production,curated_data_shared_vendor,growth_vendor_orders,payment.vat_included,BOOL,,,NESTED_FIELD
fulfillment-dwh-production,curated_data_shared_vendor,growth_vendor_orders,payment.wallet_amount,FLOAT64,,,NESTED_FIELD
fulfillment-dwh-production,curated_data_shared_vendor,growth_vendor_orders,payment_coredata.currency_code,STRING,,,NESTED_FIELD
fulfillment-dwh-production,curated_data_shared_vendor,growth_vendor_orders,payment_coredata.gbv_eur,NUMERIC,,,NESTED_FIELD
fulfillment-dwh-production,curated_data_shared_vendor,growth_vendor_orders,payment_coredata.gbv_local,NUMERIC,,,NESTED_FIELD
fulfillment-dwh-production,curated_data_shared_vendor,growth_vendor_orders,payment_coredata.gmv_eur,NUMERIC,,,NESTED_FIELD
fulfillment-dwh-production,curated_data_shared_vendor,growth_vendor_orders,payment_coredata.gmv_local,NUMERIC,,,NESTED_FIELD
fulfillment-dwh-production,curated_data_shared_vendor,growth_vendor_orders,products.id,STRING,,,NESTED_FIELD
fulfillment-dwh-production,curated_data_shared_vendor,growth_vendor_orders,products.is_optional,BOOL,,,NESTED_FIELD
fulfillment-dwh-production,curated_data_shared_vendor,growth_vendor_orders,products.name,STRING,,,NESTED_FIELD
fulfillment-dwh-production,curated_data_shared_vendor,growth_vendor_orders,products.quantity,FLOAT64,,,NESTED_FIELD
fulfillment-dwh-production,curated_data_shared_vendor,growth_vendor_orders,products.reconciliation_option,STRING,,,NESTED_FIELD
fulfillment-dwh-production,curated_data_shared_vendor,growth_vendor_orders,products.toppings,"ARRAY<STRUCT<id STRING, name STRING, quantity INT64, is_optional BOOL>>",,,NESTED_FIELD
fulfillment-dwh-production,curated_data_shared_vendor,growth_vendor_orders,products.toppings.id,STRING,,,NESTED_FIELD
fulfillment-dwh-production,curated_data_shared_vendor,growth_vendor_orders,products.toppings.is_optional,BOOL,,,NESTED_FIELD
fulfillment-dwh-production,curated_data_shared_vendor,growth_vendor_orders,products.toppings.name,STRING,,,NESTED_FIELD
fulfillment-dwh-production,curated_data_shared_vendor,growth_vendor_orders,products.toppings.quantity,INT64,,,NESTED_FIELD
fulfillment-dwh-production,curated_data_shared_vendor,growth_vendor_orders,products.unit_price,FLOAT64,,,NESTED_FIELD
fulfillment-dwh-production,curated_data_shared_vendor,growth_vendor_orders,products.volume,FLOAT64,,,NESTED_FIELD
fulfillment-dwh-production,curated_data_shared_vendor,growth_vendor_orders,products.weight,FLOAT64,,,NESTED_FIELD
fulfillment-dwh-production,curated_data_shared_vendor,growth_vendor_orders,reliability_metrics.is_food_is_ready_abused,BOOL,,,NESTED_FIELD
fulfillment-dwh-production,curated_data_shared_vendor,growth_vendor_orders,reliability_metrics.prep_time_adjustment,STRING,,,NESTED_FIELD
fulfillment-dwh-production,curated_data_shared_vendor,growth_vendor_orders,timings.first_response_time,INT64,,,NESTED_FIELD
fulfillment-dwh-production,curated_data_shared_vendor,growth_vendor_orders,timings.pickup_adjustment_time,INT64,,,NESTED_FIELD
fulfillment-dwh-production,curated_data_shared_vendor,growth_vendor_orders,timings.preparation_time,INT64,,,NESTED_FIELD
fulfillment-dwh-production,curated_data_shared_vendor,growth_vendor_orders,timings.response_time,INT64,,,NESTED_FIELD
fulfillment-dwh-production,curated_data_shared_vendor,growth_vendor_orders,timings.transmission_time,INT64,,,NESTED_FIELD
fulfillment-dwh-production,curated_data_shared_vendor,growth_vendor_orders,transitions.created_at,TIMESTAMP,,,NESTED_FIELD
fulfillment-dwh-production,curated_data_shared_vendor,growth_vendor_orders,transitions.owner,STRING,,,NESTED_FIELD
fulfillment-dwh-production,curated_data_shared_vendor,growth_vendor_orders,transitions.reason,STRING,,,NESTED_FIELD
fulfillment-dwh-production,curated_data_shared_vendor,growth_vendor_orders,transitions.source,STRING,,,NESTED_FIELD
fulfillment-dwh-production,curated_data_shared_vendor,growth_vendor_orders,transitions.stage,STRING,,,NESTED_FIELD
fulfillment-dwh-production,curated_data_shared_vendor,growth_vendor_orders,transitions.state,STRING,,,NESTED_FIELD
fulfillment-dwh-production,curated_data_shared_vendor,growth_vendor_orders,vendor.code,STRING,,,NESTED_FIELD
fulfillment-dwh-production,curated_data_shared_vendor,growth_vendor_orders,vendor.id,STRING,,,NESTED_FIELD
fulfillment-dwh-production,curated_data_shared_vendor,growth_vendors,entity_id,STRING,1,YES,TOP_LEVEL
fulfillment-dwh-production,curated_data_shared_vendor,growth_vendors,vendor_code,STRING,2,YES,TOP_LEVEL
fulfillment-dwh-production,curated_data_shared_vendor,growth_vendors,vertical_type,STRING,3,YES,TOP_LEVEL
fulfillment-dwh-production,curated_data_shared_vendor,growth_vendors,vendor_name,STRING,4,YES,TOP_LEVEL
fulfillment-dwh-production,curated_data_shared_vendor,growth_vendors,chain,"STRUCT<id STRING, name STRING, is_chain_with_multi_active_vendors BOOL, active_chain_vendors_cnt INT64>",5,YES,TOP_LEVEL
fulfillment-dwh-production,curated_data_shared_vendor,growth_vendors,delivery_type,ARRAY<STRING>,6,NO,TOP_LEVEL
fulfillment-dwh-production,curated_data_shared_vendor,growth_vendors,is_monitor_enabled,BOOL,7,YES,TOP_LEVEL
fulfillment-dwh-production,curated_data_shared_vendor,growth_vendors,address,"STRUCT<street STRING, building STRING, postal_code STRING, city_name STRING, city_code STRING, full_address STRING, location GEOGRAPHY>",8,YES,TOP_LEVEL
fulfillment-dwh-production,curated_data_shared_vendor,growth_vendors,vendor,"ARRAY<STRUCT<region STRING, country_iso STRING, is_active BOOL, is_latest BOOL, operator_code STRING, vendor_id STRING, vendor_name STRING, timezone STRING, updated_at TIMESTAMP, client STRUCT<name STRING, pos_integration_type STRING>, pos STRUCT<remote_id STRING, integration_code STRING, integration_name STRING, is_pos_integration_active BOOL, chain_name STRING, chain_code STRING, created_at TIMESTAMP>, location STRUCT<h3_level_8_index STRING, h3_level_9_index STRING>, delivery_type ARRAY<STRING>, is_monitor_enabled BOOL, is_monitor_enabled_history ARRAY<STRUCT<is_monitor_enabled BOOL, updated_at TIMESTAMP, is_latest BOOL>>, is_working_hours_check_in_enabled BOOL, is_busy_mode_check_in_enabled BOOL, history_is_working_hours_check_in_enabled ARRAY<STRUCT<is_working_hours_check_in_enabled BOOL, is_working_hours_check_in_enabled_updated_at TIMESTAMP>>, history_is_busy_mode_check_in_enabled ARRAY<STRUCT<is_busy_mode_check_in_enabled BOOL, is_busy_mode_check_in_enabled_updated_at TIMESTAMP>>, rps_global_key STRING, address STRUCT<street STRING, building STRING, postal_code STRING, city_name STRING, city_code STRING, full_address STRING, location GEOGRAPHY>, service STRING, salesforce_grid_id STRING, is_pickup_based_delivery_enabled BOOL, is_pickup_validation_code_enabled BOOL, restricted_vehicles ARRAY<STRUCT<vehicle_name STRING, bag_name STRING>>, max_stacked_orders INT64, stacking_mode STRING, custom_stacking STRING, is_proof_of_delivery_required BOOL, tags STRING, order_value_limit INT64, minutes_to_accept INT64, seconds_to_auto_accept INT64, is_proof_of_pickup_required BOOL, is_send_order_immediately BOOL, return_cancelled_order_to_vendor BOOL, vendor_monitor STRUCT<is_new_vendor BOOL, vendor_grade STRING, last_updated_at STRING, realtime_rules STRUCT<is_vendor_late_enabled BOOL, is_vendor_late_supported BOOL, is_unreachable_enabled BOOL, is_unreachable_supported BOOL, is_order_failure_enabled BOOL, is_order_failure_supported BOOL, is_avoidablewaitingtime_enabled BOOL, is_avoidablewaitingtime_supported BOOL>, historical_rules STRUCT<is_vendor_late_enabled BOOL, is_vendor_late_supported BOOL, is_availability_enabled BOOL, is_availability_supported BOOL, is_connectivity_enabled BOOL, is_connectivity_supported BOOL, is_order_failure_enabled BOOL, is_order_failure_supported BOOL, is_avoidablewaitingtime_enabled BOOL, is_avoidablewaitingtime_supported BOOL>>, vendor_availability STRUCT<is_new_vendor BOOL, vendor_grade STRING, is_check_in_busy_mode BOOL, is_check_out_enabled BOOL, is_check_in_supported BOOL, is_check_out_supported BOOL, check_in_dwh_updated_at STRING, is_check_in_working_hours BOOL, is_unreachable_offline_enabled BOOL, check_out_remind_vendor_in_minutes STRING, rules_order_failure_realtime_enabled BOOL, check_out_reminder_duration_in_minutes STRING, always_available_supported BOOL, always_available_enabled BOOL>, awt_fee_configs STRUCT<is_excluded_from_fees BOOL, fee_structure STRUCT<base_fee_amount FLOAT64, maximum_fee_amount FLOAT64, variable_fee_amount FLOAT64, base_fee_start_minutes FLOAT64, variable_fee_start_minutes FLOAT64, order_value_inclusion_limit FLOAT64, exclude_stacked_orders BOOL>>, acf_fee_configs STRUCT<is_excluded_from_fees BOOL, fee_structure STRUCT<fee_type STRING, fee_value FLOAT64, min_fee FLOAT64, max_fee FLOAT64, fail_reasons ARRAY<STRING>>>>>",9,NO,TOP_LEVEL
fulfillment-dwh-production,curated_data_shared_vendor,growth_vendors,address.building,STRING,,,NESTED_FIELD
fulfillment-dwh-production,curated_data_shared_vendor,growth_vendors,address.city_code,STRING,,,NESTED_FIELD
fulfillment-dwh-production,curated_data_shared_vendor,growth_vendors,address.city_name,STRING,,,NESTED_FIELD
fulfillment-dwh-production,curated_data_shared_vendor,growth_vendors,address.full_address,STRING,,,NESTED_FIELD
fulfillment-dwh-production,curated_data_shared_vendor,growth_vendors,address.location,GEOGRAPHY,,,NESTED_FIELD
fulfillment-dwh-production,curated_data_shared_vendor,growth_vendors,address.postal_code,STRING,,,NESTED_FIELD
fulfillment-dwh-production,curated_data_shared_vendor,growth_vendors,address.street,STRING,,,NESTED_FIELD
fulfillment-dwh-production,curated_data_shared_vendor,growth_vendors,chain.active_chain_vendors_cnt,INT64,,,NESTED_FIELD
fulfillment-dwh-production,curated_data_shared_vendor,growth_vendors,chain.id,STRING,,,NESTED_FIELD
fulfillment-dwh-production,curated_data_shared_vendor,growth_vendors,chain.is_chain_with_multi_active_vendors,BOOL,,,NESTED_FIELD
fulfillment-dwh-production,curated_data_shared_vendor,growth_vendors,chain.name,STRING,,,NESTED_FIELD
fulfillment-dwh-production,curated_data_shared_vendor,growth_vendors,vendor.acf_fee_configs,"STRUCT<is_excluded_from_fees BOOL, fee_structure STRUCT<fee_type STRING, fee_value FLOAT64, min_fee FLOAT64, max_fee FLOAT64, fail_reasons ARRAY<STRING>>>",,,NESTED_FIELD
fulfillment-dwh-production,curated_data_shared_vendor,growth_vendors,vendor.acf_fee_configs.fee_structure,"STRUCT<fee_type STRING, fee_value FLOAT64, min_fee FLOAT64, max_fee FLOAT64, fail_reasons ARRAY<STRING>>",,,NESTED_FIELD
fulfillment-dwh-production,curated_data_shared_vendor,growth_vendors,vendor.acf_fee_configs.fee_structure.fail_reasons,ARRAY<STRING>,,,NESTED_FIELD
fulfillment-dwh-production,curated_data_shared_vendor,growth_vendors,vendor.acf_fee_configs.fee_structure.fee_type,STRING,,,NESTED_FIELD
fulfillment-dwh-production,curated_data_shared_vendor,growth_vendors,vendor.acf_fee_configs.fee_structure.fee_value,FLOAT64,,,NESTED_FIELD
fulfillment-dwh-production,curated_data_shared_vendor,growth_vendors,vendor.acf_fee_configs.fee_structure.max_fee,FLOAT64,,,NESTED_FIELD
fulfillment-dwh-production,curated_data_shared_vendor,growth_vendors,vendor.acf_fee_configs.fee_structure.min_fee,FLOAT64,,,NESTED_FIELD
fulfillment-dwh-production,curated_data_shared_vendor,growth_vendors,vendor.acf_fee_configs.is_excluded_from_fees,BOOL,,,NESTED_FIELD
fulfillment-dwh-production,curated_data_shared_vendor,growth_vendors,vendor.address,"STRUCT<street STRING, building STRING, postal_code STRING, city_name STRING, city_code STRING, full_address STRING, location GEOGRAPHY>",,,NESTED_FIELD
fulfillment-dwh-production,curated_data_shared_vendor,growth_vendors,vendor.address.building,STRING,,,NESTED_FIELD
fulfillment-dwh-production,curated_data_shared_vendor,growth_vendors,vendor.address.city_code,STRING,,,NESTED_FIELD
fulfillment-dwh-production,curated_data_shared_vendor,growth_vendors,vendor.address.city_name,STRING,,,NESTED_FIELD
fulfillment-dwh-production,curated_data_shared_vendor,growth_vendors,vendor.address.full_address,STRING,,,NESTED_FIELD
fulfillment-dwh-production,curated_data_shared_vendor,growth_vendors,vendor.address.location,GEOGRAPHY,,,NESTED_FIELD
fulfillment-dwh-production,curated_data_shared_vendor,growth_vendors,vendor.address.postal_code,STRING,,,NESTED_FIELD
fulfillment-dwh-production,curated_data_shared_vendor,growth_vendors,vendor.address.street,STRING,,,NESTED_FIELD
fulfillment-dwh-production,curated_data_shared_vendor,growth_vendors,vendor.awt_fee_configs,"STRUCT<is_excluded_from_fees BOOL, fee_structure STRUCT<base_fee_amount FLOAT64, maximum_fee_amount FLOAT64, variable_fee_amount FLOAT64, base_fee_start_minutes FLOAT64, variable_fee_start_minutes FLOAT64, order_value_inclusion_limit FLOAT64, exclude_stacked_orders BOOL>>",,,NESTED_FIELD
fulfillment-dwh-production,curated_data_shared_vendor,growth_vendors,vendor.awt_fee_configs.fee_structure,"STRUCT<base_fee_amount FLOAT64, maximum_fee_amount FLOAT64, variable_fee_amount FLOAT64, base_fee_start_minutes FLOAT64, variable_fee_start_minutes FLOAT64, order_value_inclusion_limit FLOAT64, exclude_stacked_orders BOOL>",,,NESTED_FIELD
fulfillment-dwh-production,curated_data_shared_vendor,growth_vendors,vendor.awt_fee_configs.fee_structure.base_fee_amount,FLOAT64,,,NESTED_FIELD
fulfillment-dwh-production,curated_data_shared_vendor,growth_vendors,vendor.awt_fee_configs.fee_structure.base_fee_start_minutes,FLOAT64,,,NESTED_FIELD
fulfillment-dwh-production,curated_data_shared_vendor,growth_vendors,vendor.awt_fee_configs.fee_structure.exclude_stacked_orders,BOOL,,,NESTED_FIELD
fulfillment-dwh-production,curated_data_shared_vendor,growth_vendors,vendor.awt_fee_configs.fee_structure.maximum_fee_amount,FLOAT64,,,NESTED_FIELD
fulfillment-dwh-production,curated_data_shared_vendor,growth_vendors,vendor.awt_fee_configs.fee_structure.order_value_inclusion_limit,FLOAT64,,,NESTED_FIELD
fulfillment-dwh-production,curated_data_shared_vendor,growth_vendors,vendor.awt_fee_configs.fee_structure.variable_fee_amount,FLOAT64,,,NESTED_FIELD
fulfillment-dwh-production,curated_data_shared_vendor,growth_vendors,vendor.awt_fee_configs.fee_structure.variable_fee_start_minutes,FLOAT64,,,NESTED_FIELD
fulfillment-dwh-production,curated_data_shared_vendor,growth_vendors,vendor.awt_fee_configs.is_excluded_from_fees,BOOL,,,NESTED_FIELD
fulfillment-dwh-production,curated_data_shared_vendor,growth_vendors,vendor.client,"STRUCT<name STRING, pos_integration_type STRING>",,,NESTED_FIELD
fulfillment-dwh-production,curated_data_shared_vendor,growth_vendors,vendor.client.name,STRING,,,NESTED_FIELD
fulfillment-dwh-production,curated_data_shared_vendor,growth_vendors,vendor.client.pos_integration_type,STRING,,,NESTED_FIELD
fulfillment-dwh-production,curated_data_shared_vendor,growth_vendors,vendor.country_iso,STRING,,,NESTED_FIELD
fulfillment-dwh-production,curated_data_shared_vendor,growth_vendors,vendor.custom_stacking,STRING,,,NESTED_FIELD
fulfillment-dwh-production,curated_data_shared_vendor,growth_vendors,vendor.delivery_type,ARRAY<STRING>,,,NESTED_FIELD
fulfillment-dwh-production,curated_data_shared_vendor,growth_vendors,vendor.history_is_busy_mode_check_in_enabled,"ARRAY<STRUCT<is_busy_mode_check_in_enabled BOOL, is_busy_mode_check_in_enabled_updated_at TIMESTAMP>>",,,NESTED_FIELD
fulfillment-dwh-production,curated_data_shared_vendor,growth_vendors,vendor.history_is_busy_mode_check_in_enabled.is_busy_mode_check_in_enabled,BOOL,,,NESTED_FIELD
fulfillment-dwh-production,curated_data_shared_vendor,growth_vendors,vendor.history_is_busy_mode_check_in_enabled.is_busy_mode_check_in_enabled_updated_at,TIMESTAMP,,,NESTED_FIELD
fulfillment-dwh-production,curated_data_shared_vendor,growth_vendors,vendor.history_is_working_hours_check_in_enabled,"ARRAY<STRUCT<is_working_hours_check_in_enabled BOOL, is_working_hours_check_in_enabled_updated_at TIMESTAMP>>",,,NESTED_FIELD
fulfillment-dwh-production,curated_data_shared_vendor,growth_vendors,vendor.history_is_working_hours_check_in_enabled.is_working_hours_check_in_enabled,BOOL,,,NESTED_FIELD
fulfillment-dwh-production,curated_data_shared_vendor,growth_vendors,vendor.history_is_working_hours_check_in_enabled.is_working_hours_check_in_enabled_updated_at,TIMESTAMP,,,NESTED_FIELD
fulfillment-dwh-production,curated_data_shared_vendor,growth_vendors,vendor.is_active,BOOL,,,NESTED_FIELD
fulfillment-dwh-production,curated_data_shared_vendor,growth_vendors,vendor.is_busy_mode_check_in_enabled,BOOL,,,NESTED_FIELD
fulfillment-dwh-production,curated_data_shared_vendor,growth_vendors,vendor.is_latest,BOOL,,,NESTED_FIELD
fulfillment-dwh-production,curated_data_shared_vendor,growth_vendors,vendor.is_monitor_enabled,BOOL,,,NESTED_FIELD
fulfillment-dwh-production,curated_data_shared_vendor,growth_vendors,vendor.is_monitor_enabled_history,"ARRAY<STRUCT<is_monitor_enabled BOOL, updated_at TIMESTAMP, is_latest BOOL>>",,,NESTED_FIELD
fulfillment-dwh-production,curated_data_shared_vendor,growth_vendors,vendor.is_monitor_enabled_history.is_latest,BOOL,,,NESTED_FIELD
fulfillment-dwh-production,curated_data_shared_vendor,growth_vendors,vendor.is_monitor_enabled_history.is_monitor_enabled,BOOL,,,NESTED_FIELD
fulfillment-dwh-production,curated_data_shared_vendor,growth_vendors,vendor.is_monitor_enabled_history.updated_at,TIMESTAMP,,,NESTED_FIELD
fulfillment-dwh-production,curated_data_shared_vendor,growth_vendors,vendor.is_pickup_based_delivery_enabled,BOOL,,,NESTED_FIELD
fulfillment-dwh-production,curated_data_shared_vendor,growth_vendors,vendor.is_pickup_validation_code_enabled,BOOL,,,NESTED_FIELD
fulfillment-dwh-production,curated_data_shared_vendor,growth_vendors,vendor.is_proof_of_delivery_required,BOOL,,,NESTED_FIELD
fulfillment-dwh-production,curated_data_shared_vendor,growth_vendors,vendor.is_proof_of_pickup_required,BOOL,,,NESTED_FIELD
fulfillment-dwh-production,curated_data_shared_vendor,growth_vendors,vendor.is_send_order_immediately,BOOL,,,NESTED_FIELD
fulfillment-dwh-production,curated_data_shared_vendor,growth_vendors,vendor.is_working_hours_check_in_enabled,BOOL,,,NESTED_FIELD
fulfillment-dwh-production,curated_data_shared_vendor,growth_vendors,vendor.location,"STRUCT<h3_level_8_index STRING, h3_level_9_index STRING>",,,NESTED_FIELD
fulfillment-dwh-production,curated_data_shared_vendor,growth_vendors,vendor.location.h3_level_8_index,STRING,,,NESTED_FIELD
fulfillment-dwh-production,curated_data_shared_vendor,growth_vendors,vendor.location.h3_level_9_index,STRING,,,NESTED_FIELD
fulfillment-dwh-production,curated_data_shared_vendor,growth_vendors,vendor.max_stacked_orders,INT64,,,NESTED_FIELD
fulfillment-dwh-production,curated_data_shared_vendor,growth_vendors,vendor.minutes_to_accept,INT64,,,NESTED_FIELD
fulfillment-dwh-production,curated_data_shared_vendor,growth_vendors,vendor.operator_code,STRING,,,NESTED_FIELD
fulfillment-dwh-production,curated_data_shared_vendor,growth_vendors,vendor.order_value_limit,INT64,,,NESTED_FIELD
fulfillment-dwh-production,curated_data_shared_vendor,growth_vendors,vendor.pos,"STRUCT<remote_id STRING, integration_code STRING, integration_name STRING, is_pos_integration_active BOOL, chain_name STRING, chain_code STRING, created_at TIMESTAMP>",,,NESTED_FIELD
fulfillment-dwh-production,curated_data_shared_vendor,growth_vendors,vendor.pos.chain_code,STRING,,,NESTED_FIELD
fulfillment-dwh-production,curated_data_shared_vendor,growth_vendors,vendor.pos.chain_name,STRING,,,NESTED_FIELD
fulfillment-dwh-production,curated_data_shared_vendor,growth_vendors,vendor.pos.created_at,TIMESTAMP,,,NESTED_FIELD
fulfillment-dwh-production,curated_data_shared_vendor,growth_vendors,vendor.pos.integration_code,STRING,,,NESTED_FIELD
fulfillment-dwh-production,curated_data_shared_vendor,growth_vendors,vendor.pos.integration_name,STRING,,,NESTED_FIELD
fulfillment-dwh-production,curated_data_shared_vendor,growth_vendors,vendor.pos.is_pos_integration_active,BOOL,,,NESTED_FIELD
fulfillment-dwh-production,curated_data_shared_vendor,growth_vendors,vendor.pos.remote_id,STRING,,,NESTED_FIELD
fulfillment-dwh-production,curated_data_shared_vendor,growth_vendors,vendor.region,STRING,,,NESTED_FIELD
fulfillment-dwh-production,curated_data_shared_vendor,growth_vendors,vendor.restricted_vehicles,"ARRAY<STRUCT<vehicle_name STRING, bag_name STRING>>",,,NESTED_FIELD
fulfillment-dwh-production,curated_data_shared_vendor,growth_vendors,vendor.restricted_vehicles.bag_name,STRING,,,NESTED_FIELD
fulfillment-dwh-production,curated_data_shared_vendor,growth_vendors,vendor.restricted_vehicles.vehicle_name,STRING,,,NESTED_FIELD
fulfillment-dwh-production,curated_data_shared_vendor,growth_vendors,vendor.return_cancelled_order_to_vendor,BOOL,,,NESTED_FIELD
fulfillment-dwh-production,curated_data_shared_vendor,growth_vendors,vendor.rps_global_key,STRING,,,NESTED_FIELD
fulfillment-dwh-production,curated_data_shared_vendor,growth_vendors,vendor.salesforce_grid_id,STRING,,,NESTED_FIELD
fulfillment-dwh-production,curated_data_shared_vendor,growth_vendors,vendor.seconds_to_auto_accept,INT64,,,NESTED_FIELD
fulfillment-dwh-production,curated_data_shared_vendor,growth_vendors,vendor.service,STRING,,,NESTED_FIELD
fulfillment-dwh-production,curated_data_shared_vendor,growth_vendors,vendor.stacking_mode,STRING,,,NESTED_FIELD
fulfillment-dwh-production,curated_data_shared_vendor,growth_vendors,vendor.tags,STRING,,,NESTED_FIELD
fulfillment-dwh-production,curated_data_shared_vendor,growth_vendors,vendor.timezone,STRING,,,NESTED_FIELD
fulfillment-dwh-production,curated_data_shared_vendor,growth_vendors,vendor.updated_at,TIMESTAMP,,,NESTED_FIELD
fulfillment-dwh-production,curated_data_shared_vendor,growth_vendors,vendor.vendor_availability,"STRUCT<is_new_vendor BOOL, vendor_grade STRING, is_check_in_busy_mode BOOL, is_check_out_enabled BOOL, is_check_in_supported BOOL, is_check_out_supported BOOL, check_in_dwh_updated_at STRING, is_check_in_working_hours BOOL, is_unreachable_offline_enabled BOOL, check_out_remind_vendor_in_minutes STRING, rules_order_failure_realtime_enabled BOOL, check_out_reminder_duration_in_minutes STRING, always_available_supported BOOL, always_available_enabled BOOL>",,,NESTED_FIELD
fulfillment-dwh-production,curated_data_shared_vendor,growth_vendors,vendor.vendor_availability.always_available_enabled,BOOL,,,NESTED_FIELD
fulfillment-dwh-production,curated_data_shared_vendor,growth_vendors,vendor.vendor_availability.always_available_supported,BOOL,,,NESTED_FIELD
fulfillment-dwh-production,curated_data_shared_vendor,growth_vendors,vendor.vendor_availability.check_in_dwh_updated_at,STRING,,,NESTED_FIELD
fulfillment-dwh-production,curated_data_shared_vendor,growth_vendors,vendor.vendor_availability.check_out_remind_vendor_in_minutes,STRING,,,NESTED_FIELD
fulfillment-dwh-production,curated_data_shared_vendor,growth_vendors,vendor.vendor_availability.check_out_reminder_duration_in_minutes,STRING,,,NESTED_FIELD
fulfillment-dwh-production,curated_data_shared_vendor,growth_vendors,vendor.vendor_availability.is_check_in_busy_mode,BOOL,,,NESTED_FIELD
fulfillment-dwh-production,curated_data_shared_vendor,growth_vendors,vendor.vendor_availability.is_check_in_supported,BOOL,,,NESTED_FIELD
fulfillment-dwh-production,curated_data_shared_vendor,growth_vendors,vendor.vendor_availability.is_check_in_working_hours,BOOL,,,NESTED_FIELD
fulfillment-dwh-production,curated_data_shared_vendor,growth_vendors,vendor.vendor_availability.is_check_out_enabled,BOOL,,,NESTED_FIELD
fulfillment-dwh-production,curated_data_shared_vendor,growth_vendors,vendor.vendor_availability.is_check_out_supported,BOOL,,,NESTED_FIELD
fulfillment-dwh-production,curated_data_shared_vendor,growth_vendors,vendor.vendor_availability.is_new_vendor,BOOL,,,NESTED_FIELD
fulfillment-dwh-production,curated_data_shared_vendor,growth_vendors,vendor.vendor_availability.is_unreachable_offline_enabled,BOOL,,,NESTED_FIELD
fulfillment-dwh-production,curated_data_shared_vendor,growth_vendors,vendor.vendor_availability.rules_order_failure_realtime_enabled,BOOL,,,NESTED_FIELD
fulfillment-dwh-production,curated_data_shared_vendor,growth_vendors,vendor.vendor_availability.vendor_grade,STRING,,,NESTED_FIELD
fulfillment-dwh-production,curated_data_shared_vendor,growth_vendors,vendor.vendor_id,STRING,,,NESTED_FIELD
fulfillment-dwh-production,curated_data_shared_vendor,growth_vendors,vendor.vendor_monitor,"STRUCT<is_new_vendor BOOL, vendor_grade STRING, last_updated_at STRING, realtime_rules STRUCT<is_vendor_late_enabled BOOL, is_vendor_late_supported BOOL, is_unreachable_enabled BOOL, is_unreachable_supported BOOL, is_order_failure_enabled BOOL, is_order_failure_supported BOOL, is_avoidablewaitingtime_enabled BOOL, is_avoidablewaitingtime_supported BOOL>, historical_rules STRUCT<is_vendor_late_enabled BOOL, is_vendor_late_supported BOOL, is_availability_enabled BOOL, is_availability_supported BOOL, is_connectivity_enabled BOOL, is_connectivity_supported BOOL, is_order_failure_enabled BOOL, is_order_failure_supported BOOL, is_avoidablewaitingtime_enabled BOOL, is_avoidablewaitingtime_supported BOOL>>",,,NESTED_FIELD
fulfillment-dwh-production,curated_data_shared_vendor,growth_vendors,vendor.vendor_monitor.historical_rules,"STRUCT<is_vendor_late_enabled BOOL, is_vendor_late_supported BOOL, is_availability_enabled BOOL, is_availability_supported BOOL, is_connectivity_enabled BOOL, is_connectivity_supported BOOL, is_order_failure_enabled BOOL, is_order_failure_supported BOOL, is_avoidablewaitingtime_enabled BOOL, is_avoidablewaitingtime_supported BOOL>",,,NESTED_FIELD
fulfillment-dwh-production,curated_data_shared_vendor,growth_vendors,vendor.vendor_monitor.historical_rules.is_availability_enabled,BOOL,,,NESTED_FIELD
fulfillment-dwh-production,curated_data_shared_vendor,growth_vendors,vendor.vendor_monitor.historical_rules.is_availability_supported,BOOL,,,NESTED_FIELD
fulfillment-dwh-production,curated_data_shared_vendor,growth_vendors,vendor.vendor_monitor.historical_rules.is_avoidablewaitingtime_enabled,BOOL,,,NESTED_FIELD
fulfillment-dwh-production,curated_data_shared_vendor,growth_vendors,vendor.vendor_monitor.historical_rules.is_avoidablewaitingtime_supported,BOOL,,,NESTED_FIELD
fulfillment-dwh-production,curated_data_shared_vendor,growth_vendors,vendor.vendor_monitor.historical_rules.is_connectivity_enabled,BOOL,,,NESTED_FIELD
fulfillment-dwh-production,curated_data_shared_vendor,growth_vendors,vendor.vendor_monitor.historical_rules.is_connectivity_supported,BOOL,,,NESTED_FIELD
fulfillment-dwh-production,curated_data_shared_vendor,growth_vendors,vendor.vendor_monitor.historical_rules.is_order_failure_enabled,BOOL,,,NESTED_FIELD
fulfillment-dwh-production,curated_data_shared_vendor,growth_vendors,vendor.vendor_monitor.historical_rules.is_order_failure_supported,BOOL,,,NESTED_FIELD
fulfillment-dwh-production,curated_data_shared_vendor,growth_vendors,vendor.vendor_monitor.historical_rules.is_vendor_late_enabled,BOOL,,,NESTED_FIELD
fulfillment-dwh-production,curated_data_shared_vendor,growth_vendors,vendor.vendor_monitor.historical_rules.is_vendor_late_supported,BOOL,,,NESTED_FIELD
fulfillment-dwh-production,curated_data_shared_vendor,growth_vendors,vendor.vendor_monitor.is_new_vendor,BOOL,,,NESTED_FIELD
fulfillment-dwh-production,curated_data_shared_vendor,growth_vendors,vendor.vendor_monitor.last_updated_at,STRING,,,NESTED_FIELD
fulfillment-dwh-production,curated_data_shared_vendor,growth_vendors,vendor.vendor_monitor.realtime_rules,"STRUCT<is_vendor_late_enabled BOOL, is_vendor_late_supported BOOL, is_unreachable_enabled BOOL, is_unreachable_supported BOOL, is_order_failure_enabled BOOL, is_order_failure_supported BOOL, is_avoidablewaitingtime_enabled BOOL, is_avoidablewaitingtime_supported BOOL>",,,NESTED_FIELD
fulfillment-dwh-production,curated_data_shared_vendor,growth_vendors,vendor.vendor_monitor.realtime_rules.is_avoidablewaitingtime_enabled,BOOL,,,NESTED_FIELD
fulfillment-dwh-production,curated_data_shared_vendor,growth_vendors,vendor.vendor_monitor.realtime_rules.is_avoidablewaitingtime_supported,BOOL,,,NESTED_FIELD
fulfillment-dwh-production,curated_data_shared_vendor,growth_vendors,vendor.vendor_monitor.realtime_rules.is_order_failure_enabled,BOOL,,,NESTED_FIELD
fulfillment-dwh-production,curated_data_shared_vendor,growth_vendors,vendor.vendor_monitor.realtime_rules.is_order_failure_supported,BOOL,,,NESTED_FIELD
fulfillment-dwh-production,curated_data_shared_vendor,growth_vendors,vendor.vendor_monitor.realtime_rules.is_unreachable_enabled,BOOL,,,NESTED_FIELD
fulfillment-dwh-production,curated_data_shared_vendor,growth_vendors,vendor.vendor_monitor.realtime_rules.is_unreachable_supported,BOOL,,,NESTED_FIELD
fulfillment-dwh-production,curated_data_shared_vendor,growth_vendors,vendor.vendor_monitor.realtime_rules.is_vendor_late_enabled,BOOL,,,NESTED_FIELD
fulfillment-dwh-production,curated_data_shared_vendor,growth_vendors,vendor.vendor_monitor.realtime_rules.is_vendor_late_supported,BOOL,,,NESTED_FIELD
fulfillment-dwh-production,curated_data_shared_vendor,growth_vendors,vendor.vendor_monitor.vendor_grade,STRING,,,NESTED_FIELD
fulfillment-dwh-production,curated_data_shared_vendor,growth_vendors,vendor.vendor_name,STRING,,,NESTED_FIELD
peya-bi-tools-pro,il_core,dim_partner,partner_id,INT64,1,YES,TOP_LEVEL
peya-bi-tools-pro,il_core,dim_partner,partner_name,STRING,2,YES,TOP_LEVEL
peya-bi-tools-pro,il_core,dim_partner,partner_type,STRING,3,YES,TOP_LEVEL
peya-bi-tools-pro,il_core,dim_partner,partner_description,STRING,4,YES,TOP_LEVEL
peya-bi-tools-pro,il_core,dim_partner,business_type_id,INT64,5,YES,TOP_LEVEL
peya-bi-tools-pro,il_core,dim_partner,business_type,"STRUCT<business_type_id INT64, business_type_name STRING, business_type_description STRING>",6,YES,TOP_LEVEL
peya-bi-tools-pro,il_core,dim_partner,country_id,INT64,7,YES,TOP_LEVEL
peya-bi-tools-pro,il_core,dim_partner,country,"STRUCT<country_id INT64, country_code STRING, country_name STRING, country_name_en STRING, url STRING>",8,YES,TOP_LEVEL
peya-bi-tools-pro,il_core,dim_partner,city_id,INT64,9,YES,TOP_LEVEL
peya-bi-tools-pro,il_core,dim_partner,city,"STRUCT<id INT64, name STRING, slug STRING>",10,YES,TOP_LEVEL
peya-bi-tools-pro,il_core,dim_partner,accepts_pre_order,BOOL,11,YES,TOP_LEVEL
peya-bi-tools-pro,il_core,dim_partner,accepts_vouchers,BOOL,12,YES,TOP_LEVEL
peya-bi-tools-pro,il_core,dim_partner,address,"STRUCT<address_id INT64, area_id INT64, latitude FLOAT64, longitude FLOAT64, zip_code STRING, is_deleted BOOL, notes STRING, door_number STRING, phone STRING, street STRING, street_door_number STRING>",13,YES,TOP_LEVEL
peya-bi-tools-pro,il_core,dim_partner,affected_by_porygon_events,BOOL,14,YES,TOP_LEVEL
peya-bi-tools-pro,il_core,dim_partner,affected_porygon_events,BOOL,15,YES,TOP_LEVEL
peya-bi-tools-pro,il_core,dim_partner,billingInfo,"STRUCT<billing_info_id INT64, billing_info_commission FLOAT64, rut STRING, single_commission BOOL, is_debtor BOOL, contract_number INT64, sap_id STRING, logistics_commission FLOAT64, partner_commission FLOAT64>",16,YES,TOP_LEVEL
peya-bi-tools-pro,il_core,dim_partner,businessCategory,"STRUCT<businessType STRING, catalogueCheckBehaviour STRING, country STRUCT<id INT64>, id INT64, image STRING, index INT64, isDefault BOOL, layout STRING, name STRING, nameSalesforce STRING>",17,YES,TOP_LEVEL
peya-bi-tools-pro,il_core,dim_partner,capacity_check,BOOL,18,YES,TOP_LEVEL
peya-bi-tools-pro,il_core,dim_partner,channels,"ARRAY<STRUCT<id INT64, slug STRING>>",19,NO,TOP_LEVEL
peya-bi-tools-pro,il_core,dim_partner,concept,"STRUCT<concept_id INT64, concept_name STRING>",20,YES,TOP_LEVEL
peya-bi-tools-pro,il_core,dim_partner,is_concept,BOOL,21,YES,TOP_LEVEL
peya-bi-tools-pro,il_core,dim_partner,kitchen,"STRUCT<kitchen_id INT64, kitchen_name STRING>",22,YES,TOP_LEVEL
peya-bi-tools-pro,il_core,dim_partner,is_kitchen,BOOL,23,YES,TOP_LEVEL
peya-bi-tools-pro,il_core,dim_partner,franchise,"STRUCT<franchise_id STRING, franchise_name STRING, franchise_type STRING>",24,YES,TOP_LEVEL
peya-bi-tools-pro,il_core,dim_partner,partner_group,"STRUCT<group_id STRING, group_name STRING, type STRING>",25,YES,TOP_LEVEL
peya-bi-tools-pro,il_core,dim_partner,created_date,TIMESTAMP,26,YES,TOP_LEVEL
peya-bi-tools-pro,il_core,dim_partner,created_date_id,INT64,27,YES,TOP_LEVEL
peya-bi-tools-pro,il_core,dim_partner,registered_date,TIMESTAMP,28,YES,TOP_LEVEL
peya-bi-tools-pro,il_core,dim_partner,registered_date_id,INT64,29,YES,TOP_LEVEL
peya-bi-tools-pro,il_core,dim_partner,last_updated,TIMESTAMP,30,YES,TOP_LEVEL
peya-bi-tools-pro,il_core,dim_partner,delivery_type,STRING,31,YES,TOP_LEVEL
peya-bi-tools-pro,il_core,dim_partner,foodCategories,"ARRAY<STRUCT<enabled BOOL, id INT64, manuallySorted BOOL, percentage FLOAT64, quantity INT64, sortingIndex INT64, state STRING>>",32,NO,TOP_LEVEL
peya-bi-tools-pro,il_core,dim_partner,main_cousine_category_id,INT64,33,YES,TOP_LEVEL
peya-bi-tools-pro,il_core,dim_partner,main_cousine_category_name,STRING,34,YES,TOP_LEVEL
peya-bi-tools-pro,il_core,dim_partner,header_image,STRING,35,YES,TOP_LEVEL
peya-bi-tools-pro,il_core,dim_partner,global_catalog_id,INT64,36,YES,TOP_LEVEL
peya-bi-tools-pro,il_core,dim_partner,identity_card_behaviour,STRING,37,YES,TOP_LEVEL
peya-bi-tools-pro,il_core,dim_partner,integration_code,STRING,38,YES,TOP_LEVEL
peya-bi-tools-pro,il_core,dim_partner,integration_name,STRING,39,YES,TOP_LEVEL
peya-bi-tools-pro,il_core,dim_partner,pos,"STRUCT<integration_name STRING, integration_code STRING, integration_type STRING>",40,YES,TOP_LEVEL
peya-bi-tools-pro,il_core,dim_partner,is_darkstore,BOOL,41,YES,TOP_LEVEL
peya-bi-tools-pro,il_core,dim_partner,is_test,BOOL,42,YES,TOP_LEVEL
peya-bi-tools-pro,il_core,dim_partner,is_important_account,BOOL,43,YES,TOP_LEVEL
peya-bi-tools-pro,il_core,dim_partner,is_vip,BOOL,44,YES,TOP_LEVEL
peya-bi-tools-pro,il_core,dim_partner,link,STRING,45,YES,TOP_LEVEL
peya-bi-tools-pro,il_core,dim_partner,logo,STRING,46,YES,TOP_LEVEL
peya-bi-tools-pro,il_core,dim_partner,max_shipping_amount,FLOAT64,47,YES,TOP_LEVEL
peya-bi-tools-pro,il_core,dim_partner,max_product_quantity,INT64,48,YES,TOP_LEVEL
peya-bi-tools-pro,il_core,dim_partner,menu_id,INT64,49,YES,TOP_LEVEL
peya-bi-tools-pro,il_core,dim_partner,min_delivery_amount,FLOAT64,50,YES,TOP_LEVEL
peya-bi-tools-pro,il_core,dim_partner,no_index,BOOL,51,YES,TOP_LEVEL
peya-bi-tools-pro,il_core,dim_partner,no_index_google_places,BOOL,52,YES,TOP_LEVEL
peya-bi-tools-pro,il_core,dim_partner,ordersReceptionSystem,"STRUCT<id INT64, name STRING, category STRING, isPos BOOL, supportsVouchers BOOL>",53,YES,TOP_LEVEL
peya-bi-tools-pro,il_core,dim_partner,has_primary_reception_system,BOOL,54,YES,TOP_LEVEL
peya-bi-tools-pro,il_core,dim_partner,ordersSecondaryReceptionSystem,"STRUCT<id INT64, name STRING, category STRING, isPos BOOL, supportsVouchers BOOL>",55,YES,TOP_LEVEL
peya-bi-tools-pro,il_core,dim_partner,has_secondary_reception_system,BOOL,56,YES,TOP_LEVEL
peya-bi-tools-pro,il_core,dim_partner,parallel_reception_system,BOOL,57,YES,TOP_LEVEL
peya-bi-tools-pro,il_core,dim_partner,reception_system_enabled,BOOL,58,YES,TOP_LEVEL
peya-bi-tools-pro,il_core,dim_partner,paymentMethods,"ARRAY<STRUCT<id INT64, online BOOL>>",59,NO,TOP_LEVEL
peya-bi-tools-pro,il_core,dim_partner,public_phone,STRING,60,YES,TOP_LEVEL
peya-bi-tools-pro,il_core,dim_partner,requires_proof_of_delivery,BOOL,61,YES,TOP_LEVEL
peya-bi-tools-pro,il_core,dim_partner,has_shipping_amount,BOOL,62,YES,TOP_LEVEL
peya-bi-tools-pro,il_core,dim_partner,is_pENDing,BOOL,63,YES,TOP_LEVEL
peya-bi-tools-pro,il_core,dim_partner,is_online,BOOL,64,YES,TOP_LEVEL
peya-bi-tools-pro,il_core,dim_partner,is_offline,BOOL,65,YES,TOP_LEVEL
peya-bi-tools-pro,il_core,dim_partner,is_premium,BOOL,66,YES,TOP_LEVEL
peya-bi-tools-pro,il_core,dim_partner,is_express,BOOL,67,YES,TOP_LEVEL
peya-bi-tools-pro,il_core,dim_partner,salesforce_id,STRING,68,YES,TOP_LEVEL
peya-bi-tools-pro,il_core,dim_partner,partner_status,STRING,69,YES,TOP_LEVEL
peya-bi-tools-pro,il_core,dim_partner,tags,ARRAY<STRING>,70,NO,TOP_LEVEL
peya-bi-tools-pro,il_core,dim_partner,is_talent,BOOL,71,YES,TOP_LEVEL
peya-bi-tools-pro,il_core,dim_partner,shopper_type,STRING,72,YES,TOP_LEVEL
peya-bi-tools-pro,il_core,dim_partner,use_live_order_tracking,BOOL,73,YES,TOP_LEVEL
peya-bi-tools-pro,il_core,dim_partner,avg_rating,FLOAT64,74,YES,TOP_LEVEL
peya-bi-tools-pro,il_core,dim_partner,avg_rating_speed,FLOAT64,75,YES,TOP_LEVEL
peya-bi-tools-pro,il_core,dim_partner,avg_rating_food,FLOAT64,76,YES,TOP_LEVEL
peya-bi-tools-pro,il_core,dim_partner,avg_rating_service,FLOAT64,77,YES,TOP_LEVEL
peya-bi-tools-pro,il_core,dim_partner,accepts_and_supports_vouchers,BOOL,78,YES,TOP_LEVEL
peya-bi-tools-pro,il_core,dim_partner,declines_but_supports_vouchers,BOOL,79,YES,TOP_LEVEL
peya-bi-tools-pro,il_core,dim_partner,has_online_payment,BOOL,80,YES,TOP_LEVEL
peya-bi-tools-pro,il_core,dim_partner,partner_url_site,STRING,81,YES,TOP_LEVEL
peya-bi-tools-pro,il_core,dim_partner,first_date_online,DATE,82,YES,TOP_LEVEL
peya-bi-tools-pro,il_core,dim_partner,account_owner_id,STRING,83,YES,TOP_LEVEL
peya-bi-tools-pro,il_core,dim_partner,account_owner,STRING,84,YES,TOP_LEVEL
peya-bi-tools-pro,il_core,dim_partner,is_logistic,BOOL,85,YES,TOP_LEVEL
peya-bi-tools-pro,il_core,dim_partner,has_pos,BOOL,86,YES,TOP_LEVEL
peya-bi-tools-pro,il_core,dim_partner,has_shopper,BOOL,87,YES,TOP_LEVEL
peya-bi-tools-pro,il_core,dim_partner,has_pelican,BOOL,88,YES,TOP_LEVEL
peya-bi-tools-pro,il_core,dim_partner,avg_main_cousine_product_price,FLOAT64,89,YES,TOP_LEVEL
peya-bi-tools-pro,il_core,dim_partner,is_active,BOOL,90,YES,TOP_LEVEL
peya-bi-tools-pro,il_core,dim_partner,dispatch_current_month,BOOL,91,YES,TOP_LEVEL
peya-bi-tools-pro,il_core,dim_partner,qty_products,INT64,92,YES,TOP_LEVEL
peya-bi-tools-pro,il_core,dim_partner,qty_picts,INT64,93,YES,TOP_LEVEL
peya-bi-tools-pro,il_core,dim_partner,qty_custom_picts,INT64,94,YES,TOP_LEVEL
peya-bi-tools-pro,il_core,dim_partner,qty_products_portal,INT64,95,YES,TOP_LEVEL
peya-bi-tools-pro,il_core,dim_partner,qty_picts_portal,INT64,96,YES,TOP_LEVEL
peya-bi-tools-pro,il_core,dim_partner,has_partner_portal,BOOL,97,YES,TOP_LEVEL
peya-bi-tools-pro,il_core,dim_partner,is_gold_vip,BOOL,98,YES,TOP_LEVEL
peya-bi-tools-pro,il_core,dim_partner,warehouse_id,STRING,99,YES,TOP_LEVEL
peya-bi-tools-pro,il_core,dim_partner,warehouse_name,STRING,100,YES,TOP_LEVEL
peya-bi-tools-pro,il_core,dim_partner,last_first_day_online,DATE,101,YES,TOP_LEVEL
peya-bi-tools-pro,il_core,dim_partner,is_plus,BOOL,102,YES,TOP_LEVEL
peya-bi-tools-pro,il_core,dim_partner,plus,STRUCT<paying_partner_flag STRING>,103,YES,TOP_LEVEL
peya-bi-tools-pro,il_core,dim_partner,is_must_have,BOOL,104,YES,TOP_LEVEL
peya-bi-tools-pro,il_core,dim_partner,is_exclusive,BOOL,105,YES,TOP_LEVEL
peya-bi-tools-pro,il_core,dim_partner,offline_markup_weighted_by_gmv,FLOAT64,106,YES,TOP_LEVEL
peya-bi-tools-pro,il_core,dim_partner,offline_markup_weighted_by_price,FLOAT64,107,YES,TOP_LEVEL
peya-bi-tools-pro,il_core,dim_partner,summary_level_offender,STRING,108,YES,TOP_LEVEL
peya-bi-tools-pro,il_core,dim_partner,is_aaa,BOOL,109,YES,TOP_LEVEL
peya-bi-tools-pro,il_core,dim_partner,is_same_price,BOOL,110,YES,TOP_LEVEL
peya-bi-tools-pro,il_core,dim_partner,message_id,STRING,111,YES,TOP_LEVEL
peya-bi-tools-pro,il_core,dim_partner,message_timestamp,TIMESTAMP,112,YES,TOP_LEVEL
peya-bi-tools-pro,il_core,dim_partner,_ingested_at,TIMESTAMP,113,YES,TOP_LEVEL
peya-bi-tools-pro,il_core,dim_partner,audi_load_date,DATETIME,114,YES,TOP_LEVEL
peya-bi-tools-pro,il_core,dim_partner,address.address_id,INT64,,,NESTED_FIELD
peya-bi-tools-pro,il_core,dim_partner,address.area_id,INT64,,,NESTED_FIELD
peya-bi-tools-pro,il_core,dim_partner,address.door_number,STRING,,,NESTED_FIELD
peya-bi-tools-pro,il_core,dim_partner,address.is_deleted,BOOL,,,NESTED_FIELD
peya-bi-tools-pro,il_core,dim_partner,address.latitude,FLOAT64,,,NESTED_FIELD
peya-bi-tools-pro,il_core,dim_partner,address.longitude,FLOAT64,,,NESTED_FIELD
peya-bi-tools-pro,il_core,dim_partner,address.notes,STRING,,,NESTED_FIELD
peya-bi-tools-pro,il_core,dim_partner,address.phone,STRING,,,NESTED_FIELD
peya-bi-tools-pro,il_core,dim_partner,address.street,STRING,,,NESTED_FIELD
peya-bi-tools-pro,il_core,dim_partner,address.street_door_number,STRING,,,NESTED_FIELD
peya-bi-tools-pro,il_core,dim_partner,address.zip_code,STRING,,,NESTED_FIELD
peya-bi-tools-pro,il_core,dim_partner,billingInfo.billing_info_commission,FLOAT64,,,NESTED_FIELD
peya-bi-tools-pro,il_core,dim_partner,billingInfo.billing_info_id,INT64,,,NESTED_FIELD
peya-bi-tools-pro,il_core,dim_partner,billingInfo.contract_number,INT64,,,NESTED_FIELD
peya-bi-tools-pro,il_core,dim_partner,billingInfo.is_debtor,BOOL,,,NESTED_FIELD
peya-bi-tools-pro,il_core,dim_partner,billingInfo.logistics_commission,FLOAT64,,,NESTED_FIELD
peya-bi-tools-pro,il_core,dim_partner,billingInfo.partner_commission,FLOAT64,,,NESTED_FIELD
peya-bi-tools-pro,il_core,dim_partner,billingInfo.rut,STRING,,,NESTED_FIELD
peya-bi-tools-pro,il_core,dim_partner,billingInfo.sap_id,STRING,,,NESTED_FIELD
peya-bi-tools-pro,il_core,dim_partner,billingInfo.single_commission,BOOL,,,NESTED_FIELD
peya-bi-tools-pro,il_core,dim_partner,businessCategory.businessType,STRING,,,NESTED_FIELD
peya-bi-tools-pro,il_core,dim_partner,businessCategory.catalogueCheckBehaviour,STRING,,,NESTED_FIELD
peya-bi-tools-pro,il_core,dim_partner,businessCategory.country,STRUCT<id INT64>,,,NESTED_FIELD
peya-bi-tools-pro,il_core,dim_partner,businessCategory.country.id,INT64,,,NESTED_FIELD
peya-bi-tools-pro,il_core,dim_partner,businessCategory.id,INT64,,,NESTED_FIELD
peya-bi-tools-pro,il_core,dim_partner,businessCategory.image,STRING,,,NESTED_FIELD
peya-bi-tools-pro,il_core,dim_partner,businessCategory.index,INT64,,,NESTED_FIELD
peya-bi-tools-pro,il_core,dim_partner,businessCategory.isDefault,BOOL,,,NESTED_FIELD
peya-bi-tools-pro,il_core,dim_partner,businessCategory.layout,STRING,,,NESTED_FIELD
peya-bi-tools-pro,il_core,dim_partner,businessCategory.name,STRING,,,NESTED_FIELD
peya-bi-tools-pro,il_core,dim_partner,businessCategory.nameSalesforce,STRING,,,NESTED_FIELD
peya-bi-tools-pro,il_core,dim_partner,business_type.business_type_description,STRING,,,NESTED_FIELD
peya-bi-tools-pro,il_core,dim_partner,business_type.business_type_id,INT64,,,NESTED_FIELD
peya-bi-tools-pro,il_core,dim_partner,business_type.business_type_name,STRING,,,NESTED_FIELD
peya-bi-tools-pro,il_core,dim_partner,channels.id,INT64,,,NESTED_FIELD
peya-bi-tools-pro,il_core,dim_partner,channels.slug,STRING,,,NESTED_FIELD
peya-bi-tools-pro,il_core,dim_partner,city.id,INT64,,,NESTED_FIELD
peya-bi-tools-pro,il_core,dim_partner,city.name,STRING,,,NESTED_FIELD
peya-bi-tools-pro,il_core,dim_partner,city.slug,STRING,,,NESTED_FIELD
peya-bi-tools-pro,il_core,dim_partner,concept.concept_id,INT64,,,NESTED_FIELD
peya-bi-tools-pro,il_core,dim_partner,concept.concept_name,STRING,,,NESTED_FIELD
peya-bi-tools-pro,il_core,dim_partner,country.country_code,STRING,,,NESTED_FIELD
peya-bi-tools-pro,il_core,dim_partner,country.country_id,INT64,,,NESTED_FIELD
peya-bi-tools-pro,il_core,dim_partner,country.country_name,STRING,,,NESTED_FIELD
peya-bi-tools-pro,il_core,dim_partner,country.country_name_en,STRING,,,NESTED_FIELD
peya-bi-tools-pro,il_core,dim_partner,country.url,STRING,,,NESTED_FIELD
peya-bi-tools-pro,il_core,dim_partner,foodCategories.enabled,BOOL,,,NESTED_FIELD
peya-bi-tools-pro,il_core,dim_partner,foodCategories.id,INT64,,,NESTED_FIELD
peya-bi-tools-pro,il_core,dim_partner,foodCategories.manuallySorted,BOOL,,,NESTED_FIELD
peya-bi-tools-pro,il_core,dim_partner,foodCategories.percentage,FLOAT64,,,NESTED_FIELD
peya-bi-tools-pro,il_core,dim_partner,foodCategories.quantity,INT64,,,NESTED_FIELD
peya-bi-tools-pro,il_core,dim_partner,foodCategories.sortingIndex,INT64,,,NESTED_FIELD
peya-bi-tools-pro,il_core,dim_partner,foodCategories.state,STRING,,,NESTED_FIELD
peya-bi-tools-pro,il_core,dim_partner,franchise.franchise_id,STRING,,,NESTED_FIELD
peya-bi-tools-pro,il_core,dim_partner,franchise.franchise_name,STRING,,,NESTED_FIELD
peya-bi-tools-pro,il_core,dim_partner,franchise.franchise_type,STRING,,,NESTED_FIELD
peya-bi-tools-pro,il_core,dim_partner,kitchen.kitchen_id,INT64,,,NESTED_FIELD
peya-bi-tools-pro,il_core,dim_partner,kitchen.kitchen_name,STRING,,,NESTED_FIELD
peya-bi-tools-pro,il_core,dim_partner,ordersReceptionSystem.category,STRING,,,NESTED_FIELD
peya-bi-tools-pro,il_core,dim_partner,ordersReceptionSystem.id,INT64,,,NESTED_FIELD
peya-bi-tools-pro,il_core,dim_partner,ordersReceptionSystem.isPos,BOOL,,,NESTED_FIELD
peya-bi-tools-pro,il_core,dim_partner,ordersReceptionSystem.name,STRING,,,NESTED_FIELD
peya-bi-tools-pro,il_core,dim_partner,ordersReceptionSystem.supportsVouchers,BOOL,,,NESTED_FIELD
peya-bi-tools-pro,il_core,dim_partner,ordersSecondaryReceptionSystem.category,STRING,,,NESTED_FIELD
peya-bi-tools-pro,il_core,dim_partner,ordersSecondaryReceptionSystem.id,INT64,,,NESTED_FIELD
peya-bi-tools-pro,il_core,dim_partner,ordersSecondaryReceptionSystem.isPos,BOOL,,,NESTED_FIELD
peya-bi-tools-pro,il_core,dim_partner,ordersSecondaryReceptionSystem.name,STRING,,,NESTED_FIELD
peya-bi-tools-pro,il_core,dim_partner,ordersSecondaryReceptionSystem.supportsVouchers,BOOL,,,NESTED_FIELD
peya-bi-tools-pro,il_core,dim_partner,partner_group.group_id,STRING,,,NESTED_FIELD
peya-bi-tools-pro,il_core,dim_partner,partner_group.group_name,STRING,,,NESTED_FIELD
peya-bi-tools-pro,il_core,dim_partner,partner_group.type,STRING,,,NESTED_FIELD
peya-bi-tools-pro,il_core,dim_partner,paymentMethods.id,INT64,,,NESTED_FIELD
peya-bi-tools-pro,il_core,dim_partner,paymentMethods.online,BOOL,,,NESTED_FIELD
peya-bi-tools-pro,il_core,dim_partner,plus.paying_partner_flag,STRING,,,NESTED_FIELD
peya-bi-tools-pro,il_core,dim_partner,pos.integration_code,STRING,,,NESTED_FIELD
peya-bi-tools-pro,il_core,dim_partner,pos.integration_name,STRING,,,NESTED_FIELD
peya-bi-tools-pro,il_core,dim_partner,pos.integration_type,STRING,,,NESTED_FIELD
peya-bi-tools-pro,il_core,dim_partner_schedule_variation,schedule_variation_id,INT64,1,YES,TOP_LEVEL
peya-bi-tools-pro,il_core,dim_partner_schedule_variation,version,INT64,2,YES,TOP_LEVEL
peya-bi-tools-pro,il_core,dim_partner_schedule_variation,from_date,TIMESTAMP,3,YES,TOP_LEVEL
peya-bi-tools-pro,il_core,dim_partner_schedule_variation,notes,STRING,4,YES,TOP_LEVEL
peya-bi-tools-pro,il_core,dim_partner_schedule_variation,partner_id,INT64,5,YES,TOP_LEVEL
peya-bi-tools-pro,il_core,dim_partner_schedule_variation,country_id,INT64,6,YES,TOP_LEVEL
peya-bi-tools-pro,il_core,dim_partner_schedule_variation,to_date,TIMESTAMP,7,YES,TOP_LEVEL
peya-bi-tools-pro,il_core,dim_partner_schedule_variation,user_id,INT64,8,YES,TOP_LEVEL
peya-bi-tools-pro,il_core,dim_partner_schedule_variation,reviewed,BOOL,9,YES,TOP_LEVEL
peya-bi-tools-pro,il_core,dim_partner_schedule_variation,created_date,TIMESTAMP,10,YES,TOP_LEVEL
peya-bi-tools-pro,il_core,dim_partner_schedule_variation,last_updated,TIMESTAMP,11,YES,TOP_LEVEL
peya-bi-tools-pro,il_core,dim_partner_schedule_variation,category_id,INT64,12,YES,TOP_LEVEL
peya-bi-tools-pro,il_core,dim_partner_schedule_variation,category_name,STRING,13,YES,TOP_LEVEL
peya-bi-tools-pro,il_core,dim_partner_schedule_variation,security_client_id,INT64,14,YES,TOP_LEVEL
peya-bi-tools-pro,il_core,dim_partner_schedule_variation,partition_date,TIMESTAMP,15,YES,TOP_LEVEL
peya-bi-tools-pro,il_core,dim_partner_schedule_variation,action,STRING,16,YES,TOP_LEVEL
peya-bi-tools-pro,il_core,dim_partner_schedule_variation,audi_load_date,TIMESTAMP,17,YES,TOP_LEVEL
peya-bi-tools-pro,il_core,fact_orders,registered_date,DATE,1,YES,TOP_LEVEL
peya-bi-tools-pro,il_core,fact_orders,registered_at,TIMESTAMP,2,YES,TOP_LEVEL
peya-bi-tools-pro,il_core,fact_orders,order_id,INT64,3,YES,TOP_LEVEL
peya-bi-tools-pro,il_core,fact_orders,country_id,INT64,4,YES,TOP_LEVEL
peya-bi-tools-pro,il_core,fact_orders,country,"STRUCT<country_id INT64, country_code STRING, country_name STRING, country_name_en STRING>",5,YES,TOP_LEVEL
peya-bi-tools-pro,il_core,fact_orders,business_type_id,INT64,6,YES,TOP_LEVEL
peya-bi-tools-pro,il_core,fact_orders,business_type,"STRUCT<business_type_id INT64, business_type_name STRING, business_type_description STRING>",7,YES,TOP_LEVEL
peya-bi-tools-pro,il_core,fact_orders,city,"STRUCT<city_id INT64, city_name STRING>",8,YES,TOP_LEVEL
peya-bi-tools-pro,il_core,fact_orders,address,"STRUCT<area STRUCT<city STRUCT<id INT64, name STRING, state STRUCT<id INT64, name STRING>>, id INT64, name STRING>, complement STRING, corner STRING, doorNumber STRING, id INT64, modelVersion INT64, notes STRING, phone STRING, street STRING, zipCode STRING>",9,YES,TOP_LEVEL
peya-bi-tools-pro,il_core,fact_orders,addressCoordinates,STRING,10,YES,TOP_LEVEL
peya-bi-tools-pro,il_core,fact_orders,addressDescription,STRING,11,YES,TOP_LEVEL
peya-bi-tools-pro,il_core,fact_orders,addressPhone,STRING,12,YES,TOP_LEVEL
peya-bi-tools-pro,il_core,fact_orders,amount_no_discount,FLOAT64,13,YES,TOP_LEVEL
peya-bi-tools-pro,il_core,fact_orders,application,STRING,14,YES,TOP_LEVEL
peya-bi-tools-pro,il_core,fact_orders,application_version,STRING,15,YES,TOP_LEVEL
peya-bi-tools-pro,il_core,fact_orders,bill_shipping_to_user,BOOL,16,YES,TOP_LEVEL
peya-bi-tools-pro,il_core,fact_orders,client_guid,STRING,17,YES,TOP_LEVEL
peya-bi-tools-pro,il_core,fact_orders,code,STRING,18,YES,TOP_LEVEL
peya-bi-tools-pro,il_core,fact_orders,commission,FLOAT64,19,YES,TOP_LEVEL
peya-bi-tools-pro,il_core,fact_orders,commission_includes_delivery_cost,BOOL,20,YES,TOP_LEVEL
peya-bi-tools-pro,il_core,fact_orders,cop_user_id,INT64,21,YES,TOP_LEVEL
peya-bi-tools-pro,il_core,fact_orders,credit_card_commission,FLOAT64,22,YES,TOP_LEVEL
peya-bi-tools-pro,il_core,fact_orders,data,"STRUCT<clickDate TIMESTAMP, creditCard STRUCT<cardOperationType STRING, cardType STRING, id INT64, issuer STRING>, first BOOL, firstSuccessful BOOL, gclid STRING, id INT64, installDate TIMESTAMP, ipAddress STRING, isExpress BOOL, matUser STRING, onlinePaymentId STRING, parallelReceptionSystem BOOL, parsedTracking STRING, rawTracking STRING, receptionSystem STRUCT<code STRING, id INT64, name STRING, push BOOL>, receptionSystemEnabled BOOL, respondedReceptionSystem STRUCT<id INT64>, searchGuid STRING, secondaryReceptionSystem STRUCT<code STRING, id INT64, name STRING, push BOOL>>",23,YES,TOP_LEVEL
peya-bi-tools-pro,il_core,fact_orders,delivery_date,TIMESTAMP,24,YES,TOP_LEVEL
peya-bi-tools-pro,il_core,fact_orders,delivery_expected_from,STRING,25,YES,TOP_LEVEL
peya-bi-tools-pro,il_core,fact_orders,delivery_expected_to,STRING,26,YES,TOP_LEVEL
peya-bi-tools-pro,il_core,fact_orders,deliveryTime,"STRUCT<description STRING, id INT64, maxMinutes INT64, minMinutes INT64, name STRING>",27,YES,TOP_LEVEL
peya-bi-tools-pro,il_core,fact_orders,details,"ARRAY<STRUCT<order_id INT64, detail_discount_amount FLOAT64, detail_id INT64, integration_code STRING, integration_name STRING, notes STRING, optionGroups ARRAY<STRUCT<id INT64, integrationCode STRING, integrationName STRING, name STRING, options ARRAY<STRUCT<id INT64, name STRING, amount FLOAT64, integration_code STRING, integration_name STRING, modifies_price BOOL, product_id INT64, product_name STRING, product_option_id INT64, product_option_index INT64, option_group_id INT64, option_group_name STRING>>, productOptionGroup STRUCT<id INT64, index INT64>>>, product STRUCT<foodCategoryTag STRUCT<foodCategory STRUCT<id INT64, name STRING>, id INT64, name STRING>, globalIndex INT64, product_id INT64, image STRING, index INT64, name STRING, product_description STRING, price FLOAT64, section STRUCT<id INT64, index INT64, integrationCode STRING, integrationName STRING, name STRING>>, product_name STRING, quantity INT64, subtotal FLOAT64, tax_amount FLOAT64, tax_rate INT64, total FLOAT64, unit_price FLOAT64, is_subsidized BOOL, subsidized_unit_price FLOAT64, subsidized_subtotal FLOAT64, confirmed_quantity INT64, batch STRUCT<unitPrice FLOAT64, unit STRING, quantity FLOAT64, type STRING, soldAsInformation STRUCT<unitPrice FLOAT64, unit STRING, quantity FLOAT64, type STRING>>>>",28,NO,TOP_LEVEL
peya-bi-tools-pro,il_core,fact_orders,device_token,STRING,29,YES,TOP_LEVEL
peya-bi-tools-pro,il_core,fact_orders,discount,FLOAT64,30,YES,TOP_LEVEL
peya-bi-tools-pro,il_core,fact_orders,discount_notes,STRING,31,YES,TOP_LEVEL
peya-bi-tools-pro,il_core,fact_orders,discount_type,STRING,32,YES,TOP_LEVEL
peya-bi-tools-pro,il_core,fact_orders,discounts,"ARRAY<STRUCT<discount_id INT64, order_id INT64, notes STRING, original_type STRING, original_value FLOAT64, discount_paid_by STRING, priority INT64, discount_type_id INT64, discount_type_name STRING, discount_amount FLOAT64, is_discount_paid_by_mixed BOOL, discount_paid_by_company FLOAT64, discount_paid_by_partner FLOAT64, percentage_paid_by_company FLOAT64, percentage_paid_by_partner FLOAT64>>",33,NO,TOP_LEVEL
peya-bi-tools-pro,il_core,fact_orders,dispatch_date,TIMESTAMP,34,YES,TOP_LEVEL
peya-bi-tools-pro,il_core,fact_orders,food_taxes_amount,FLOAT64,35,YES,TOP_LEVEL
peya-bi-tools-pro,il_core,fact_orders,fundings,"ARRAY<STRUCT<amount FLOAT64, fundingSource STRING, id INT64, notes STRING, `order` STRUCT<id INT64>, transactionId STRING, type STRING>>",36,NO,TOP_LEVEL
peya-bi-tools-pro,il_core,fact_orders,hash,STRING,37,YES,TOP_LEVEL
peya-bi-tools-pro,il_core,fact_orders,images,"ARRAY<STRUCT<id INT64, url STRING>>",38,NO,TOP_LEVEL
peya-bi-tools-pro,il_core,fact_orders,integration_code,STRING,39,YES,TOP_LEVEL
peya-bi-tools-pro,il_core,fact_orders,logistics_commission,FLOAT64,40,YES,TOP_LEVEL
peya-bi-tools-pro,il_core,fact_orders,migration_id,INT64,41,YES,TOP_LEVEL
peya-bi-tools-pro,il_core,fact_orders,notes,STRING,42,YES,TOP_LEVEL
peya-bi-tools-pro,il_core,fact_orders,has_notes,BOOL,43,YES,TOP_LEVEL
peya-bi-tools-pro,il_core,fact_orders,payment_amount,FLOAT64,44,YES,TOP_LEVEL
peya-bi-tools-pro,il_core,fact_orders,paymentMethod,"STRUCT<descriptionEN STRING, descriptionES STRING, descriptionPT STRING, fullDescriptionES STRING, id INT64, image STRING, name STRING, online BOOL, onlineForBilling BOOL, uiType STRING>",45,YES,TOP_LEVEL
peya-bi-tools-pro,il_core,fact_orders,payment_mode,STRING,46,YES,TOP_LEVEL
peya-bi-tools-pro,il_core,fact_orders,payment_notes,STRING,47,YES,TOP_LEVEL
peya-bi-tools-pro,il_core,fact_orders,pickup,BOOL,48,YES,TOP_LEVEL
peya-bi-tools-pro,il_core,fact_orders,promisedDeliveryTime,"STRUCT<description STRING, id INT64, maxMinutes INT64, minMinutes INT64, name STRING, `order` INT64>",49,YES,TOP_LEVEL
peya-bi-tools-pro,il_core,fact_orders,pushed,BOOL,50,YES,TOP_LEVEL
peya-bi-tools-pro,il_core,fact_orders,rejectMessage,"STRUCT<defaultOwner STRING, descriptionES STRING, descriptionPT STRING, forInternalTools BOOL, globalCode STRING, id INT64>",51,YES,TOP_LEVEL
peya-bi-tools-pro,il_core,fact_orders,rejection_state,STRING,52,YES,TOP_LEVEL
peya-bi-tools-pro,il_core,fact_orders,repeated_order_id,INT64,53,YES,TOP_LEVEL
peya-bi-tools-pro,il_core,fact_orders,response_date,TIMESTAMP,54,YES,TOP_LEVEL
peya-bi-tools-pro,il_core,fact_orders,response_notes,STRING,55,YES,TOP_LEVEL
peya-bi-tools-pro,il_core,fact_orders,response_user_id,INT64,56,YES,TOP_LEVEL
peya-bi-tools-pro,il_core,fact_orders,restaurant,"STRUCT<address STRUCT<area STRUCT<city STRUCT<id INT64, name STRING, state STRUCT<id INT64, name STRING>>, id INT64>, complement STRING, doorNumber STRING, id INT64, latitude FLOAT64, longitude FLOAT64, zipCode STRING>, automaticPhoneEnabled BOOL, billingInfo STRUCT<companyNumber STRING, id INT64>, branchParent STRUCT<id INT64>, businessType STRING, country STRUCT<culture STRING, currency STRUCT<id INT64, isoCode STRING, symbol STRING>, id INT64, name STRING, shortName STRING, timeOffset INT64, url STRING>, deliveryTime STRUCT<id INT64, maxMinutes INT64, minMinutes INT64>, `hash` STRING, id INT64, integrationCode STRING, integrationName STRING, isImportantAccount BOOL, link STRING, logo STRING, migrationId INT64, modelVersion INT64, name STRING, ordersReceptionSystem STRUCT<category STRING, code STRING, id INT64, itWorks BOOL, name STRING, push BOOL>, ordersSecondaryReceptionSystem STRUCT<code STRING, id INT64, name STRING, push BOOL>, parallelReceptionSystem BOOL, publicPhone STRING, ratings ARRAY<STRUCT<generalScore FLOAT64, id INT64, platform STRING>>, receptionEmail STRING, receptionSystemEnabled BOOL, registeredDate TIMESTAMP, requiresProofOfDelivery BOOL, restaurantBillingInfo STRUCT<automationAmount FLOAT64, commission FLOAT64, commissionIncludesDeliveryCost BOOL, dateCreated TIMESTAMP, generateFinalUserDocuments BOOL, id INT64, lastUpdated TIMESTAMP, logisticsCommission FLOAT64, marketingAmount FLOAT64, mobileWhiteLabelCommission FLOAT64, paymentMode STRING, restaurant STRUCT<id INT64>, retainsShippingAmount BOOL, widgetCommission FLOAT64>>",57,YES,TOP_LEVEL
peya-bi-tools-pro,il_core,fact_orders,restaurant_user_id,INT64,58,YES,TOP_LEVEL
peya-bi-tools-pro,il_core,fact_orders,shipping_amount,FLOAT64,59,YES,TOP_LEVEL
peya-bi-tools-pro,il_core,fact_orders,shipping_amount_no_discount,FLOAT64,60,YES,TOP_LEVEL
peya-bi-tools-pro,il_core,fact_orders,shipping_taxes_amount,FLOAT64,61,YES,TOP_LEVEL
peya-bi-tools-pro,il_core,fact_orders,stamps_discount,FLOAT64,62,YES,TOP_LEVEL
peya-bi-tools-pro,il_core,fact_orders,order_status,STRING,63,YES,TOP_LEVEL
peya-bi-tools-pro,il_core,fact_orders,tax_amount,FLOAT64,64,YES,TOP_LEVEL
peya-bi-tools-pro,il_core,fact_orders,timeEstimation,"STRUCT<id INT64, pickupTime STRING, preparationBuffer INT64, preparationTime INT64, promisedTime STRING>",65,YES,TOP_LEVEL
peya-bi-tools-pro,il_core,fact_orders,time_response,STRING,66,YES,TOP_LEVEL
peya-bi-tools-pro,il_core,fact_orders,total_amount,FLOAT64,67,YES,TOP_LEVEL
peya-bi-tools-pro,il_core,fact_orders,user,"STRUCT<avatar STRING, country STRUCT<id INT64, name STRING>, data STRUCT<birth STRING, gender STRING, id INT64, orderCount INT64>, email STRING, facebookId STRING, firstOrderDate TIMESTAMP, `hash` STRING, id INT64, identityCard STRING, lastName STRING, mobile STRING, modelVersion INT64, name STRING, platform STRING, receivesPushReviewReminder BOOL, receivesReviewReminder BOOL, whatsAppUserId STRING, receivesWhatsappNotifications BOOL, registeredDate TIMESTAMP, type STRING, userTrustScore STRUCT<confirmedOfflineOrderCount INT64, confirmedOnlineOrderCount INT64, id INT64>>",68,YES,TOP_LEVEL
peya-bi-tools-pro,il_core,fact_orders,userBilling,"STRUCT<companyName STRING, companyNumber STRING, id INT64, `order` STRUCT<id INT64>>",69,YES,TOP_LEVEL
peya-bi-tools-pro,il_core,fact_orders,user_identity_card,STRING,70,YES,TOP_LEVEL
peya-bi-tools-pro,il_core,fact_orders,whiteLabel,"STRUCT<id INT64, name STRING>",71,YES,TOP_LEVEL
peya-bi-tools-pro,il_core,fact_orders,with_logistics,BOOL,72,YES,TOP_LEVEL
peya-bi-tools-pro,il_core,fact_orders,is_test,BOOL,73,YES,TOP_LEVEL
peya-bi-tools-pro,il_core,fact_orders,is_pre_order,BOOL,74,YES,TOP_LEVEL
peya-bi-tools-pro,il_core,fact_orders,is_pre_order_diff_day,BOOL,75,YES,TOP_LEVEL
peya-bi-tools-pro,il_core,fact_orders,application_version_clean,STRING,76,YES,TOP_LEVEL
peya-bi-tools-pro,il_core,fact_orders,kpi_gfv_gross,FLOAT64,77,YES,TOP_LEVEL
peya-bi-tools-pro,il_core,fact_orders,distance_meters,FLOAT64,78,YES,TOP_LEVEL
peya-bi-tools-pro,il_core,fact_orders,commission_confirmed,FLOAT64,79,YES,TOP_LEVEL
peya-bi-tools-pro,il_core,fact_orders,commission_with_logistics,FLOAT64,80,YES,TOP_LEVEL
peya-bi-tools-pro,il_core,fact_orders,has_wallet_credit,BOOL,81,YES,TOP_LEVEL
peya-bi-tools-pro,il_core,fact_orders,discount_amount,FLOAT64,82,YES,TOP_LEVEL
peya-bi-tools-pro,il_core,fact_orders,delivery_date_id,INT64,83,YES,TOP_LEVEL
peya-bi-tools-pro,il_core,fact_orders,order_hour,INT64,84,YES,TOP_LEVEL
peya-bi-tools-pro,il_core,fact_orders,registered_date_utc,DATE,85,YES,TOP_LEVEL
peya-bi-tools-pro,il_core,fact_orders,registered_at_utc,TIMESTAMP,86,YES,TOP_LEVEL
peya-bi-tools-pro,il_core,fact_orders,registered_date_id,INT64,87,YES,TOP_LEVEL
peya-bi-tools-pro,il_core,fact_orders,response_date_id,INT64,88,YES,TOP_LEVEL
peya-bi-tools-pro,il_core,fact_orders,response_time_minute,FLOAT64,89,YES,TOP_LEVEL
peya-bi-tools-pro,il_core,fact_orders,with_shipping_amount,INT64,90,YES,TOP_LEVEL
peya-bi-tools-pro,il_core,fact_orders,total_amount_with_delivery_costs,FLOAT64,91,YES,TOP_LEVEL
peya-bi-tools-pro,il_core,fact_orders,confirmed_gmv,FLOAT64,92,YES,TOP_LEVEL
peya-bi-tools-pro,il_core,fact_orders,coupon_used,INT64,93,YES,TOP_LEVEL
peya-bi-tools-pro,il_core,fact_orders,is_take_out,INT64,94,YES,TOP_LEVEL
peya-bi-tools-pro,il_core,fact_orders,userIdentityCard,STRING,95,YES,TOP_LEVEL
peya-bi-tools-pro,il_core,fact_orders,user_identity_card_clean,STRING,96,YES,TOP_LEVEL
peya-bi-tools-pro,il_core,fact_orders,is_online_payment,INT64,97,YES,TOP_LEVEL
peya-bi-tools-pro,il_core,fact_orders,payment_method_grouped_oca_visa,STRING,98,YES,TOP_LEVEL
peya-bi-tools-pro,il_core,fact_orders,device_id,STRING,99,YES,TOP_LEVEL
peya-bi-tools-pro,il_core,fact_orders,has_final_user_documents,BOOL,100,YES,TOP_LEVEL
peya-bi-tools-pro,il_core,fact_orders,confirmed_order,INT64,101,YES,TOP_LEVEL
peya-bi-tools-pro,il_core,fact_orders,non_confirmed_order,INT64,102,YES,TOP_LEVEL
peya-bi-tools-pro,il_core,fact_orders,confirmed_order_with_delivery_cost,INT64,103,YES,TOP_LEVEL
peya-bi-tools-pro,il_core,fact_orders,confirmed_order_shipping_amount,FLOAT64,104,YES,TOP_LEVEL
peya-bi-tools-pro,il_core,fact_orders,has_discount_paid_by_company,BOOL,105,YES,TOP_LEVEL
peya-bi-tools-pro,il_core,fact_orders,discount_paid_by_company,FLOAT64,106,YES,TOP_LEVEL
peya-bi-tools-pro,il_core,fact_orders,has_discount_paid_by_partner,BOOL,107,YES,TOP_LEVEL
peya-bi-tools-pro,il_core,fact_orders,discount_paid_by_partner,FLOAT64,108,YES,TOP_LEVEL
peya-bi-tools-pro,il_core,fact_orders,discount_paid_by_company_partners,FLOAT64,109,YES,TOP_LEVEL
peya-bi-tools-pro,il_core,fact_orders,confirmed_order_logistic,INT64,110,YES,TOP_LEVEL
peya-bi-tools-pro,il_core,fact_orders,confirmed_order_with_discount_paid_by_company,INT64,111,YES,TOP_LEVEL
peya-bi-tools-pro,il_core,fact_orders,confirmed_order_online_payment,INT64,112,YES,TOP_LEVEL
peya-bi-tools-pro,il_core,fact_orders,confirmed_order_no_online_payment,INT64,113,YES,TOP_LEVEL
peya-bi-tools-pro,il_core,fact_orders,rejected_order,INT64,114,YES,TOP_LEVEL
peya-bi-tools-pro,il_core,fact_orders,pending_order,INT64,115,YES,TOP_LEVEL
peya-bi-tools-pro,il_core,fact_orders,cancelled_order,INT64,116,YES,TOP_LEVEL
peya-bi-tools-pro,il_core,fact_orders,rejected_order_online_payment,INT64,117,YES,TOP_LEVEL
peya-bi-tools-pro,il_core,fact_orders,rejected_order_no_online_payment,INT64,118,YES,TOP_LEVEL
peya-bi-tools-pro,il_core,fact_orders,rejected_order_logistic,INT64,119,YES,TOP_LEVEL
peya-bi-tools-pro,il_core,fact_orders,delivery_fee_revenue,FLOAT64,120,YES,TOP_LEVEL
peya-bi-tools-pro,il_core,fact_orders,gmv_confirmed_with_discount_paid_by_company,FLOAT64,121,YES,TOP_LEVEL
peya-bi-tools-pro,il_core,fact_orders,partner_income,FLOAT64,122,YES,TOP_LEVEL
peya-bi-tools-pro,il_core,fact_orders,gmv_online_payment,FLOAT64,123,YES,TOP_LEVEL
peya-bi-tools-pro,il_core,fact_orders,rejected_gmv_online_payment,FLOAT64,124,YES,TOP_LEVEL
peya-bi-tools-pro,il_core,fact_orders,rejected_gmv,FLOAT64,125,YES,TOP_LEVEL
peya-bi-tools-pro,il_core,fact_orders,rejected_discount_paid_by_company,FLOAT64,126,YES,TOP_LEVEL
peya-bi-tools-pro,il_core,fact_orders,total_gmv_online_payment,FLOAT64,127,YES,TOP_LEVEL
peya-bi-tools-pro,il_core,fact_orders,confirmed_total_amount,FLOAT64,128,YES,TOP_LEVEL
peya-bi-tools-pro,il_core,fact_orders,confirmed_gfv_with_discount_paid_by_company,FLOAT64,129,YES,TOP_LEVEL
peya-bi-tools-pro,il_core,fact_orders,confirmed_total_amount_online_payment,FLOAT64,130,YES,TOP_LEVEL
peya-bi-tools-pro,il_core,fact_orders,rejected_total_amount_online_payment,FLOAT64,131,YES,TOP_LEVEL
peya-bi-tools-pro,il_core,fact_orders,rejected_total_amount,FLOAT64,132,YES,TOP_LEVEL
peya-bi-tools-pro,il_core,fact_orders,rejected_gfv_with_discount_paid_by_company,FLOAT64,133,YES,TOP_LEVEL
peya-bi-tools-pro,il_core,fact_orders,total_amount_online_payment,FLOAT64,134,YES,TOP_LEVEL
peya-bi-tools-pro,il_core,fact_orders,basket_size_confirmed_order_plus_vocuher,FLOAT64,135,YES,TOP_LEVEL
peya-bi-tools-pro,il_core,fact_orders,delivery_type,STRING,136,YES,TOP_LEVEL
peya-bi-tools-pro,il_core,fact_orders,confirmed_order_with_voucher_discount,INT64,137,YES,TOP_LEVEL
peya-bi-tools-pro,il_core,fact_orders,gmv_confirmed_orders_with_voucher,FLOAT64,138,YES,TOP_LEVEL
peya-bi-tools-pro,il_core,fact_orders,confirmed_acquisition_with_voucher,INT64,139,YES,TOP_LEVEL
peya-bi-tools-pro,il_core,fact_orders,confirmed_order_with_bins_discount,INT64,140,YES,TOP_LEVEL
peya-bi-tools-pro,il_core,fact_orders,confirmed_bins_discount_amount,FLOAT64,141,YES,TOP_LEVEL
peya-bi-tools-pro,il_core,fact_orders,confirmed_order_with_bins_discount_no_online_payment,INT64,142,YES,TOP_LEVEL
peya-bi-tools-pro,il_core,fact_orders,order_with_bins_discount_no_online_payment,INT64,143,YES,TOP_LEVEL
peya-bi-tools-pro,il_core,fact_orders,has_voucher_discount,INT64,144,YES,TOP_LEVEL
peya-bi-tools-pro,il_core,fact_orders,voucher_discount_amount,FLOAT64,145,YES,TOP_LEVEL
peya-bi-tools-pro,il_core,fact_orders,has_stamps_discount,INT64,146,YES,TOP_LEVEL
peya-bi-tools-pro,il_core,fact_orders,stamps_discount_amount,FLOAT64,147,YES,TOP_LEVEL
peya-bi-tools-pro,il_core,fact_orders,has_weekly_discount,INT64,148,YES,TOP_LEVEL
peya-bi-tools-pro,il_core,fact_orders,weekly_discount_amount,FLOAT64,149,YES,TOP_LEVEL
peya-bi-tools-pro,il_core,fact_orders,has_promotion_discount,INT64,150,YES,TOP_LEVEL
peya-bi-tools-pro,il_core,fact_orders,promotion_discount_amount,FLOAT64,151,YES,TOP_LEVEL
peya-bi-tools-pro,il_core,fact_orders,has_joker_discount,INT64,152,YES,TOP_LEVEL
peya-bi-tools-pro,il_core,fact_orders,joker_discount_amount,FLOAT64,153,YES,TOP_LEVEL
peya-bi-tools-pro,il_core,fact_orders,has_plus_shipping_cost_discount,INT64,154,YES,TOP_LEVEL
peya-bi-tools-pro,il_core,fact_orders,plus_shipping_cost_discount_amount,FLOAT64,155,YES,TOP_LEVEL
peya-bi-tools-pro,il_core,fact_orders,has_subsidized_discount,INT64,156,YES,TOP_LEVEL
peya-bi-tools-pro,il_core,fact_orders,subsidized_discount_amount,FLOAT64,157,YES,TOP_LEVEL
peya-bi-tools-pro,il_core,fact_orders,has_bins_discount,INT64,158,YES,TOP_LEVEL
peya-bi-tools-pro,il_core,fact_orders,bins_discount_amount,FLOAT64,159,YES,TOP_LEVEL
peya-bi-tools-pro,il_core,fact_orders,has_partnership_discount,INT64,160,YES,TOP_LEVEL
peya-bi-tools-pro,il_core,fact_orders,partnership_discount_amount,FLOAT64,161,YES,TOP_LEVEL
peya-bi-tools-pro,il_core,fact_orders,fail_rate_owner,STRING,162,YES,TOP_LEVEL
peya-bi-tools-pro,il_core,fact_orders,transmitting_date,TIMESTAMP,163,YES,TOP_LEVEL
peya-bi-tools-pro,il_core,fact_orders,reception_date,TIMESTAMP,164,YES,TOP_LEVEL
peya-bi-tools-pro,il_core,fact_orders,visualization_date,TIMESTAMP,165,YES,TOP_LEVEL
peya-bi-tools-pro,il_core,fact_orders,is_transmitting,INT64,166,YES,TOP_LEVEL
peya-bi-tools-pro,il_core,fact_orders,reception_date_id,INT64,167,YES,TOP_LEVEL
peya-bi-tools-pro,il_core,fact_orders,visualization_date_id,INT64,168,YES,TOP_LEVEL
peya-bi-tools-pro,il_core,fact_orders,reception_response_time_minute,FLOAT64,169,YES,TOP_LEVEL
peya-bi-tools-pro,il_core,fact_orders,reception_time_minute,FLOAT64,170,YES,TOP_LEVEL
peya-bi-tools-pro,il_core,fact_orders,transmitting_time_minute,FLOAT64,171,YES,TOP_LEVEL
peya-bi-tools-pro,il_core,fact_orders,transmitting_response_time_minute,FLOAT64,172,YES,TOP_LEVEL
peya-bi-tools-pro,il_core,fact_orders,fail_rate_owner_restaurant,INT64,173,YES,TOP_LEVEL
peya-bi-tools-pro,il_core,fact_orders,partner_rejected_income,FLOAT64,174,YES,TOP_LEVEL
peya-bi-tools-pro,il_core,fact_orders,final_response_time_minute,FLOAT64,175,YES,TOP_LEVEL
peya-bi-tools-pro,il_core,fact_orders,order_reception_null,INT64,176,YES,TOP_LEVEL
peya-bi-tools-pro,il_core,fact_orders,commission_amount,FLOAT64,177,YES,TOP_LEVEL
peya-bi-tools-pro,il_core,fact_orders,order_with_stamp,INT64,178,YES,TOP_LEVEL
peya-bi-tools-pro,il_core,fact_orders,order_confirmed_with_stamp,INT64,179,YES,TOP_LEVEL
peya-bi-tools-pro,il_core,fact_orders,gmv_order_confirmed_with_stamp,FLOAT64,180,YES,TOP_LEVEL
peya-bi-tools-pro,il_core,fact_orders,customer_id,STRING,181,YES,TOP_LEVEL
peya-bi-tools-pro,il_core,fact_orders,is_acquisition,INT64,182,YES,TOP_LEVEL
peya-bi-tools-pro,il_core,fact_orders,is_first_confirmed_order_user,INT64,183,YES,TOP_LEVEL
peya-bi-tools-pro,il_core,fact_orders,qty_order_details,INT64,184,YES,TOP_LEVEL
peya-bi-tools-pro,il_core,fact_orders,qty_distinct_subsidized_products,INT64,185,YES,TOP_LEVEL
peya-bi-tools-pro,il_core,fact_orders,qty_total_subsidized_products,INT64,186,YES,TOP_LEVEL
peya-bi-tools-pro,il_core,fact_orders,qty_distinct_products,INT64,187,YES,TOP_LEVEL
peya-bi-tools-pro,il_core,fact_orders,qty_total_products,INT64,188,YES,TOP_LEVEL
peya-bi-tools-pro,il_core,fact_orders,is_affordable,INT64,189,YES,TOP_LEVEL
peya-bi-tools-pro,il_core,fact_orders,discounts_per_order,STRING,190,YES,TOP_LEVEL
peya-bi-tools-pro,il_core,fact_orders,serviceFee,"STRUCT<service_fee_id INT64, service_fee_amount FLOAT64, service_fee_no_discount FLOAT64>",191,YES,TOP_LEVEL
peya-bi-tools-pro,il_core,fact_orders,basket_id,STRING,192,YES,TOP_LEVEL
peya-bi-tools-pro,il_core,fact_orders,service_fee_revenue,NUMERIC,193,YES,TOP_LEVEL
peya-bi-tools-pro,il_core,fact_orders,gmv_incl_non_commissionable_fees_lc,FLOAT64,194,YES,TOP_LEVEL
peya-bi-tools-pro,il_core,fact_orders,days_from_adquisition,INT64,195,YES,TOP_LEVEL
peya-bi-tools-pro,il_core,fact_orders,is_user_plus,INT64,196,YES,TOP_LEVEL
peya-bi-tools-pro,il_core,fact_orders,_ingested_at,TIMESTAMP,197,YES,TOP_LEVEL
peya-bi-tools-pro,il_core,fact_orders,audi_load_date,DATETIME,198,YES,TOP_LEVEL
peya-bi-tools-pro,il_core,fact_orders,plus_shipping_cost_discount_amount_paid_by_partner,FLOAT64,199,YES,TOP_LEVEL
peya-bi-tools-pro,il_core,fact_orders,discounts_v2,"ARRAY<STRUCT<discount_id STRING, order_id INT64, notes STRING, discount_amount FLOAT64, discount_type STRING, source STRUCT<id STRING, type STRING, version STRING>, discounts_application ARRAY<STRUCT<amount FLOAT64, paid_by STRING, applies_to STRING, product_id INT64, product_name STRING, refers_to STRUCT<id STRING, type STRING>>>, discount_paid_by_company FLOAT64, discount_paid_by_partner FLOAT64, percentage_paid_by_company FLOAT64, percentage_paid_by_partner FLOAT64, discount_paid_by_bank FLOAT64, discount_paid_by_others FLOAT64, percentage_paid_by_bank FLOAT64, percentage_paid_by_others FLOAT64>>",200,NO,TOP_LEVEL
peya-bi-tools-pro,il_core,fact_orders,charges_v2,"ARRAY<STRUCT<order_id INT64, amount FLOAT64, notes STRING, charges_id STRING, amount_discounts FLOAT64, category STRING, amount_taxes FLOAT64, collected_by STRING, product_id INT64, refers_to STRUCT<id STRING, type STRING>>>",201,NO,TOP_LEVEL
peya-bi-tools-pro,il_core,fact_orders,fees_v2,"STRUCT<priority_fee_amount FLOAT64, priority_fee_amount_taxes FLOAT64, priority_fee_amount_discounts FLOAT64, priority_fee_amount_no_discount FLOAT64, delivery_fee_amount FLOAT64, delivery_fee_amount_taxes FLOAT64, delivery_fee_amount_discounts FLOAT64, delivery_fee_amount_no_discount FLOAT64, service_fee_amount FLOAT64, service_fee_amount_taxes FLOAT64, service_fee_amount_discounts FLOAT64, service_fee_amount_no_discount FLOAT64, small_order_fee_amount FLOAT64, small_order_fee_amount_taxes FLOAT64, small_order_fee_amount_discounts FLOAT64, small_order_fee_amount_no_discount FLOAT64>",203,YES,TOP_LEVEL
peya-bi-tools-pro,il_core,fact_orders,address.area,"STRUCT<city STRUCT<id INT64, name STRING, state STRUCT<id INT64, name STRING>>, id INT64, name STRING>",,,NESTED_FIELD
peya-bi-tools-pro,il_core,fact_orders,address.area.city,"STRUCT<id INT64, name STRING, state STRUCT<id INT64, name STRING>>",,,NESTED_FIELD
peya-bi-tools-pro,il_core,fact_orders,address.area.city.id,INT64,,,NESTED_FIELD
peya-bi-tools-pro,il_core,fact_orders,address.area.city.name,STRING,,,NESTED_FIELD
peya-bi-tools-pro,il_core,fact_orders,address.area.city.state,"STRUCT<id INT64, name STRING>",,,NESTED_FIELD
peya-bi-tools-pro,il_core,fact_orders,address.area.city.state.id,INT64,,,NESTED_FIELD
peya-bi-tools-pro,il_core,fact_orders,address.area.city.state.name,STRING,,,NESTED_FIELD
peya-bi-tools-pro,il_core,fact_orders,address.area.id,INT64,,,NESTED_FIELD
peya-bi-tools-pro,il_core,fact_orders,address.area.name,STRING,,,NESTED_FIELD
peya-bi-tools-pro,il_core,fact_orders,address.complement,STRING,,,NESTED_FIELD
peya-bi-tools-pro,il_core,fact_orders,address.corner,STRING,,,NESTED_FIELD
peya-bi-tools-pro,il_core,fact_orders,address.doorNumber,STRING,,,NESTED_FIELD
peya-bi-tools-pro,il_core,fact_orders,address.id,INT64,,,NESTED_FIELD
peya-bi-tools-pro,il_core,fact_orders,address.modelVersion,INT64,,,NESTED_FIELD
peya-bi-tools-pro,il_core,fact_orders,address.notes,STRING,,,NESTED_FIELD
peya-bi-tools-pro,il_core,fact_orders,address.phone,STRING,,,NESTED_FIELD
peya-bi-tools-pro,il_core,fact_orders,address.street,STRING,,,NESTED_FIELD
peya-bi-tools-pro,il_core,fact_orders,address.zipCode,STRING,,,NESTED_FIELD
peya-bi-tools-pro,il_core,fact_orders,business_type.business_type_description,STRING,,,NESTED_FIELD
peya-bi-tools-pro,il_core,fact_orders,business_type.business_type_id,INT64,,,NESTED_FIELD
peya-bi-tools-pro,il_core,fact_orders,business_type.business_type_name,STRING,,,NESTED_FIELD
peya-bi-tools-pro,il_core,fact_orders,charges_v2.amount,FLOAT64,,,NESTED_FIELD
peya-bi-tools-pro,il_core,fact_orders,charges_v2.amount_discounts,FLOAT64,,,NESTED_FIELD
peya-bi-tools-pro,il_core,fact_orders,charges_v2.amount_taxes,FLOAT64,,,NESTED_FIELD
peya-bi-tools-pro,il_core,fact_orders,charges_v2.category,STRING,,,NESTED_FIELD
peya-bi-tools-pro,il_core,fact_orders,charges_v2.charges_id,STRING,,,NESTED_FIELD
peya-bi-tools-pro,il_core,fact_orders,charges_v2.collected_by,STRING,,,NESTED_FIELD
peya-bi-tools-pro,il_core,fact_orders,charges_v2.notes,STRING,,,NESTED_FIELD
peya-bi-tools-pro,il_core,fact_orders,charges_v2.order_id,INT64,,,NESTED_FIELD
peya-bi-tools-pro,il_core,fact_orders,charges_v2.product_id,INT64,,,NESTED_FIELD
peya-bi-tools-pro,il_core,fact_orders,charges_v2.refers_to,"STRUCT<id STRING, type STRING>",,,NESTED_FIELD
peya-bi-tools-pro,il_core,fact_orders,charges_v2.refers_to.id,STRING,,,NESTED_FIELD
peya-bi-tools-pro,il_core,fact_orders,charges_v2.refers_to.type,STRING,,,NESTED_FIELD
peya-bi-tools-pro,il_core,fact_orders,city.city_id,INT64,,,NESTED_FIELD
peya-bi-tools-pro,il_core,fact_orders,city.city_name,STRING,,,NESTED_FIELD
peya-bi-tools-pro,il_core,fact_orders,country.country_code,STRING,,,NESTED_FIELD
peya-bi-tools-pro,il_core,fact_orders,country.country_id,INT64,,,NESTED_FIELD
peya-bi-tools-pro,il_core,fact_orders,country.country_name,STRING,,,NESTED_FIELD
peya-bi-tools-pro,il_core,fact_orders,country.country_name_en,STRING,,,NESTED_FIELD
peya-bi-tools-pro,il_core,fact_orders,data.clickDate,TIMESTAMP,,,NESTED_FIELD
peya-bi-tools-pro,il_core,fact_orders,data.creditCard,"STRUCT<cardOperationType STRING, cardType STRING, id INT64, issuer STRING>",,,NESTED_FIELD
peya-bi-tools-pro,il_core,fact_orders,data.creditCard.cardOperationType,STRING,,,NESTED_FIELD
peya-bi-tools-pro,il_core,fact_orders,data.creditCard.cardType,STRING,,,NESTED_FIELD
peya-bi-tools-pro,il_core,fact_orders,data.creditCard.id,INT64,,,NESTED_FIELD
peya-bi-tools-pro,il_core,fact_orders,data.creditCard.issuer,STRING,,,NESTED_FIELD
peya-bi-tools-pro,il_core,fact_orders,data.first,BOOL,,,NESTED_FIELD
peya-bi-tools-pro,il_core,fact_orders,data.firstSuccessful,BOOL,,,NESTED_FIELD
peya-bi-tools-pro,il_core,fact_orders,data.gclid,STRING,,,NESTED_FIELD
peya-bi-tools-pro,il_core,fact_orders,data.id,INT64,,,NESTED_FIELD
peya-bi-tools-pro,il_core,fact_orders,data.installDate,TIMESTAMP,,,NESTED_FIELD
peya-bi-tools-pro,il_core,fact_orders,data.ipAddress,STRING,,,NESTED_FIELD
peya-bi-tools-pro,il_core,fact_orders,data.isExpress,BOOL,,,NESTED_FIELD
peya-bi-tools-pro,il_core,fact_orders,data.matUser,STRING,,,NESTED_FIELD
peya-bi-tools-pro,il_core,fact_orders,data.onlinePaymentId,STRING,,,NESTED_FIELD
peya-bi-tools-pro,il_core,fact_orders,data.parallelReceptionSystem,BOOL,,,NESTED_FIELD
peya-bi-tools-pro,il_core,fact_orders,data.parsedTracking,STRING,,,NESTED_FIELD
peya-bi-tools-pro,il_core,fact_orders,data.rawTracking,STRING,,,NESTED_FIELD
peya-bi-tools-pro,il_core,fact_orders,data.receptionSystem,"STRUCT<code STRING, id INT64, name STRING, push BOOL>",,,NESTED_FIELD
peya-bi-tools-pro,il_core,fact_orders,data.receptionSystem.code,STRING,,,NESTED_FIELD
peya-bi-tools-pro,il_core,fact_orders,data.receptionSystem.id,INT64,,,NESTED_FIELD
peya-bi-tools-pro,il_core,fact_orders,data.receptionSystem.name,STRING,,,NESTED_FIELD
peya-bi-tools-pro,il_core,fact_orders,data.receptionSystem.push,BOOL,,,NESTED_FIELD
peya-bi-tools-pro,il_core,fact_orders,data.receptionSystemEnabled,BOOL,,,NESTED_FIELD
peya-bi-tools-pro,il_core,fact_orders,data.respondedReceptionSystem,STRUCT<id INT64>,,,NESTED_FIELD
peya-bi-tools-pro,il_core,fact_orders,data.respondedReceptionSystem.id,INT64,,,NESTED_FIELD
peya-bi-tools-pro,il_core,fact_orders,data.searchGuid,STRING,,,NESTED_FIELD
peya-bi-tools-pro,il_core,fact_orders,data.secondaryReceptionSystem,"STRUCT<code STRING, id INT64, name STRING, push BOOL>",,,NESTED_FIELD
peya-bi-tools-pro,il_core,fact_orders,data.secondaryReceptionSystem.code,STRING,,,NESTED_FIELD
peya-bi-tools-pro,il_core,fact_orders,data.secondaryReceptionSystem.id,INT64,,,NESTED_FIELD
peya-bi-tools-pro,il_core,fact_orders,data.secondaryReceptionSystem.name,STRING,,,NESTED_FIELD
peya-bi-tools-pro,il_core,fact_orders,data.secondaryReceptionSystem.push,BOOL,,,NESTED_FIELD
peya-bi-tools-pro,il_core,fact_orders,deliveryTime.description,STRING,,,NESTED_FIELD
peya-bi-tools-pro,il_core,fact_orders,deliveryTime.id,INT64,,,NESTED_FIELD
peya-bi-tools-pro,il_core,fact_orders,deliveryTime.maxMinutes,INT64,,,NESTED_FIELD
peya-bi-tools-pro,il_core,fact_orders,deliveryTime.minMinutes,INT64,,,NESTED_FIELD
peya-bi-tools-pro,il_core,fact_orders,deliveryTime.name,STRING,,,NESTED_FIELD
peya-bi-tools-pro,il_core,fact_orders,details.batch,"STRUCT<unitPrice FLOAT64, unit STRING, quantity FLOAT64, type STRING, soldAsInformation STRUCT<unitPrice FLOAT64, unit STRING, quantity FLOAT64, type STRING>>",,,NESTED_FIELD
peya-bi-tools-pro,il_core,fact_orders,details.batch.quantity,FLOAT64,,,NESTED_FIELD
peya-bi-tools-pro,il_core,fact_orders,details.batch.soldAsInformation,"STRUCT<unitPrice FLOAT64, unit STRING, quantity FLOAT64, type STRING>",,,NESTED_FIELD
peya-bi-tools-pro,il_core,fact_orders,details.batch.soldAsInformation.quantity,FLOAT64,,,NESTED_FIELD
peya-bi-tools-pro,il_core,fact_orders,details.batch.soldAsInformation.type,STRING,,,NESTED_FIELD
peya-bi-tools-pro,il_core,fact_orders,details.batch.soldAsInformation.unit,STRING,,,NESTED_FIELD
peya-bi-tools-pro,il_core,fact_orders,details.batch.soldAsInformation.unitPrice,FLOAT64,,,NESTED_FIELD
peya-bi-tools-pro,il_core,fact_orders,details.batch.type,STRING,,,NESTED_FIELD
peya-bi-tools-pro,il_core,fact_orders,details.batch.unit,STRING,,,NESTED_FIELD
peya-bi-tools-pro,il_core,fact_orders,details.batch.unitPrice,FLOAT64,,,NESTED_FIELD
peya-bi-tools-pro,il_core,fact_orders,details.confirmed_quantity,INT64,,,NESTED_FIELD
peya-bi-tools-pro,il_core,fact_orders,details.detail_discount_amount,FLOAT64,,,NESTED_FIELD
peya-bi-tools-pro,il_core,fact_orders,details.detail_id,INT64,,,NESTED_FIELD
peya-bi-tools-pro,il_core,fact_orders,details.integration_code,STRING,,,NESTED_FIELD
peya-bi-tools-pro,il_core,fact_orders,details.integration_name,STRING,,,NESTED_FIELD
peya-bi-tools-pro,il_core,fact_orders,details.is_subsidized,BOOL,,,NESTED_FIELD
peya-bi-tools-pro,il_core,fact_orders,details.notes,STRING,,,NESTED_FIELD
peya-bi-tools-pro,il_core,fact_orders,details.optionGroups,"ARRAY<STRUCT<id INT64, integrationCode STRING, integrationName STRING, name STRING, options ARRAY<STRUCT<id INT64, name STRING, amount FLOAT64, integration_code STRING, integration_name STRING, modifies_price BOOL, product_id INT64, product_name STRING, product_option_id INT64, product_option_index INT64, option_group_id INT64, option_group_name STRING>>, productOptionGroup STRUCT<id INT64, index INT64>>>",,,NESTED_FIELD
peya-bi-tools-pro,il_core,fact_orders,details.optionGroups.id,INT64,,,NESTED_FIELD
peya-bi-tools-pro,il_core,fact_orders,details.optionGroups.integrationCode,STRING,,,NESTED_FIELD
peya-bi-tools-pro,il_core,fact_orders,details.optionGroups.integrationName,STRING,,,NESTED_FIELD
peya-bi-tools-pro,il_core,fact_orders,details.optionGroups.name,STRING,,,NESTED_FIELD
peya-bi-tools-pro,il_core,fact_orders,details.optionGroups.options,"ARRAY<STRUCT<id INT64, name STRING, amount FLOAT64, integration_code STRING, integration_name STRING, modifies_price BOOL, product_id INT64, product_name STRING, product_option_id INT64, product_option_index INT64, option_group_id INT64, option_group_name STRING>>",,,NESTED_FIELD
peya-bi-tools-pro,il_core,fact_orders,details.optionGroups.options.amount,FLOAT64,,,NESTED_FIELD
peya-bi-tools-pro,il_core,fact_orders,details.optionGroups.options.id,INT64,,,NESTED_FIELD
peya-bi-tools-pro,il_core,fact_orders,details.optionGroups.options.integration_code,STRING,,,NESTED_FIELD
peya-bi-tools-pro,il_core,fact_orders,details.optionGroups.options.integration_name,STRING,,,NESTED_FIELD
peya-bi-tools-pro,il_core,fact_orders,details.optionGroups.options.modifies_price,BOOL,,,NESTED_FIELD
peya-bi-tools-pro,il_core,fact_orders,details.optionGroups.options.name,STRING,,,NESTED_FIELD
peya-bi-tools-pro,il_core,fact_orders,details.optionGroups.options.option_group_id,INT64,,,NESTED_FIELD
peya-bi-tools-pro,il_core,fact_orders,details.optionGroups.options.option_group_name,STRING,,,NESTED_FIELD
peya-bi-tools-pro,il_core,fact_orders,details.optionGroups.options.product_id,INT64,,,NESTED_FIELD
peya-bi-tools-pro,il_core,fact_orders,details.optionGroups.options.product_name,STRING,,,NESTED_FIELD
peya-bi-tools-pro,il_core,fact_orders,details.optionGroups.options.product_option_id,INT64,,,NESTED_FIELD
peya-bi-tools-pro,il_core,fact_orders,details.optionGroups.options.product_option_index,INT64,,,NESTED_FIELD
peya-bi-tools-pro,il_core,fact_orders,details.optionGroups.productOptionGroup,"STRUCT<id INT64, index INT64>",,,NESTED_FIELD
peya-bi-tools-pro,il_core,fact_orders,details.optionGroups.productOptionGroup.id,INT64,,,NESTED_FIELD
peya-bi-tools-pro,il_core,fact_orders,details.optionGroups.productOptionGroup.index,INT64,,,NESTED_FIELD
peya-bi-tools-pro,il_core,fact_orders,details.order_id,INT64,,,NESTED_FIELD
peya-bi-tools-pro,il_core,fact_orders,details.product,"STRUCT<foodCategoryTag STRUCT<foodCategory STRUCT<id INT64, name STRING>, id INT64, name STRING>, globalIndex INT64, product_id INT64, image STRING, index INT64, name STRING, product_description STRING, price FLOAT64, section STRUCT<id INT64, index INT64, integrationCode STRING, integrationName STRING, name STRING>>",,,NESTED_FIELD
peya-bi-tools-pro,il_core,fact_orders,details.product.foodCategoryTag,"STRUCT<foodCategory STRUCT<id INT64, name STRING>, id INT64, name STRING>",,,NESTED_FIELD
peya-bi-tools-pro,il_core,fact_orders,details.product.foodCategoryTag.foodCategory,"STRUCT<id INT64, name STRING>",,,NESTED_FIELD
peya-bi-tools-pro,il_core,fact_orders,details.product.foodCategoryTag.foodCategory.id,INT64,,,NESTED_FIELD
peya-bi-tools-pro,il_core,fact_orders,details.product.foodCategoryTag.foodCategory.name,STRING,,,NESTED_FIELD
peya-bi-tools-pro,il_core,fact_orders,details.product.foodCategoryTag.id,INT64,,,NESTED_FIELD
peya-bi-tools-pro,il_core,fact_orders,details.product.foodCategoryTag.name,STRING,,,NESTED_FIELD
peya-bi-tools-pro,il_core,fact_orders,details.product.globalIndex,INT64,,,NESTED_FIELD
peya-bi-tools-pro,il_core,fact_orders,details.product.image,STRING,,,NESTED_FIELD
peya-bi-tools-pro,il_core,fact_orders,details.product.index,INT64,,,NESTED_FIELD
peya-bi-tools-pro,il_core,fact_orders,details.product.name,STRING,,,NESTED_FIELD
peya-bi-tools-pro,il_core,fact_orders,details.product.price,FLOAT64,,,NESTED_FIELD
peya-bi-tools-pro,il_core,fact_orders,details.product.product_description,STRING,,,NESTED_FIELD
peya-bi-tools-pro,il_core,fact_orders,details.product.product_id,INT64,,,NESTED_FIELD
peya-bi-tools-pro,il_core,fact_orders,details.product.section,"STRUCT<id INT64, index INT64, integrationCode STRING, integrationName STRING, name STRING>",,,NESTED_FIELD
peya-bi-tools-pro,il_core,fact_orders,details.product.section.id,INT64,,,NESTED_FIELD
peya-bi-tools-pro,il_core,fact_orders,details.product.section.index,INT64,,,NESTED_FIELD
peya-bi-tools-pro,il_core,fact_orders,details.product.section.integrationCode,STRING,,,NESTED_FIELD
peya-bi-tools-pro,il_core,fact_orders,details.product.section.integrationName,STRING,,,NESTED_FIELD
peya-bi-tools-pro,il_core,fact_orders,details.product.section.name,STRING,,,NESTED_FIELD
peya-bi-tools-pro,il_core,fact_orders,details.product_name,STRING,,,NESTED_FIELD
peya-bi-tools-pro,il_core,fact_orders,details.quantity,INT64,,,NESTED_FIELD
peya-bi-tools-pro,il_core,fact_orders,details.subsidized_subtotal,FLOAT64,,,NESTED_FIELD
peya-bi-tools-pro,il_core,fact_orders,details.subsidized_unit_price,FLOAT64,,,NESTED_FIELD
peya-bi-tools-pro,il_core,fact_orders,details.subtotal,FLOAT64,,,NESTED_FIELD
peya-bi-tools-pro,il_core,fact_orders,details.tax_amount,FLOAT64,,,NESTED_FIELD
peya-bi-tools-pro,il_core,fact_orders,details.tax_rate,INT64,,,NESTED_FIELD
peya-bi-tools-pro,il_core,fact_orders,details.total,FLOAT64,,,NESTED_FIELD
peya-bi-tools-pro,il_core,fact_orders,details.unit_price,FLOAT64,,,NESTED_FIELD
peya-bi-tools-pro,il_core,fact_orders,discounts.discount_amount,FLOAT64,,,NESTED_FIELD
peya-bi-tools-pro,il_core,fact_orders,discounts.discount_id,INT64,,,NESTED_FIELD
peya-bi-tools-pro,il_core,fact_orders,discounts.discount_paid_by,STRING,,,NESTED_FIELD
peya-bi-tools-pro,il_core,fact_orders,discounts.discount_paid_by_company,FLOAT64,,,NESTED_FIELD
peya-bi-tools-pro,il_core,fact_orders,discounts.discount_paid_by_partner,FLOAT64,,,NESTED_FIELD
peya-bi-tools-pro,il_core,fact_orders,discounts.discount_type_id,INT64,,,NESTED_FIELD
peya-bi-tools-pro,il_core,fact_orders,discounts.discount_type_name,STRING,,,NESTED_FIELD
peya-bi-tools-pro,il_core,fact_orders,discounts.is_discount_paid_by_mixed,BOOL,,,NESTED_FIELD
peya-bi-tools-pro,il_core,fact_orders,discounts.notes,STRING,,,NESTED_FIELD
peya-bi-tools-pro,il_core,fact_orders,discounts.order_id,INT64,,,NESTED_FIELD
peya-bi-tools-pro,il_core,fact_orders,discounts.original_type,STRING,,,NESTED_FIELD
peya-bi-tools-pro,il_core,fact_orders,discounts.original_value,FLOAT64,,,NESTED_FIELD
peya-bi-tools-pro,il_core,fact_orders,discounts.percentage_paid_by_company,FLOAT64,,,NESTED_FIELD
peya-bi-tools-pro,il_core,fact_orders,discounts.percentage_paid_by_partner,FLOAT64,,,NESTED_FIELD
peya-bi-tools-pro,il_core,fact_orders,discounts.priority,INT64,,,NESTED_FIELD
peya-bi-tools-pro,il_core,fact_orders,discounts_v2.discount_amount,FLOAT64,,,NESTED_FIELD
peya-bi-tools-pro,il_core,fact_orders,discounts_v2.discount_id,STRING,,,NESTED_FIELD
peya-bi-tools-pro,il_core,fact_orders,discounts_v2.discount_paid_by_bank,FLOAT64,,,NESTED_FIELD
peya-bi-tools-pro,il_core,fact_orders,discounts_v2.discount_paid_by_company,FLOAT64,,,NESTED_FIELD
peya-bi-tools-pro,il_core,fact_orders,discounts_v2.discount_paid_by_others,FLOAT64,,,NESTED_FIELD
peya-bi-tools-pro,il_core,fact_orders,discounts_v2.discount_paid_by_partner,FLOAT64,,,NESTED_FIELD
peya-bi-tools-pro,il_core,fact_orders,discounts_v2.discount_type,STRING,,,NESTED_FIELD
peya-bi-tools-pro,il_core,fact_orders,discounts_v2.discounts_application,"ARRAY<STRUCT<amount FLOAT64, paid_by STRING, applies_to STRING, product_id INT64, product_name STRING, refers_to STRUCT<id STRING, type STRING>>>",,,NESTED_FIELD
peya-bi-tools-pro,il_core,fact_orders,discounts_v2.discounts_application.amount,FLOAT64,,,NESTED_FIELD
peya-bi-tools-pro,il_core,fact_orders,discounts_v2.discounts_application.applies_to,STRING,,,NESTED_FIELD
peya-bi-tools-pro,il_core,fact_orders,discounts_v2.discounts_application.paid_by,STRING,,,NESTED_FIELD
peya-bi-tools-pro,il_core,fact_orders,discounts_v2.discounts_application.product_id,INT64,,,NESTED_FIELD
peya-bi-tools-pro,il_core,fact_orders,discounts_v2.discounts_application.product_name,STRING,,,NESTED_FIELD
peya-bi-tools-pro,il_core,fact_orders,discounts_v2.discounts_application.refers_to,"STRUCT<id STRING, type STRING>",,,NESTED_FIELD
peya-bi-tools-pro,il_core,fact_orders,discounts_v2.discounts_application.refers_to.id,STRING,,,NESTED_FIELD
peya-bi-tools-pro,il_core,fact_orders,discounts_v2.discounts_application.refers_to.type,STRING,,,NESTED_FIELD
peya-bi-tools-pro,il_core,fact_orders,discounts_v2.notes,STRING,,,NESTED_FIELD
peya-bi-tools-pro,il_core,fact_orders,discounts_v2.order_id,INT64,,,NESTED_FIELD
peya-bi-tools-pro,il_core,fact_orders,discounts_v2.percentage_paid_by_bank,FLOAT64,,,NESTED_FIELD
peya-bi-tools-pro,il_core,fact_orders,discounts_v2.percentage_paid_by_company,FLOAT64,,,NESTED_FIELD
peya-bi-tools-pro,il_core,fact_orders,discounts_v2.percentage_paid_by_others,FLOAT64,,,NESTED_FIELD
peya-bi-tools-pro,il_core,fact_orders,discounts_v2.percentage_paid_by_partner,FLOAT64,,,NESTED_FIELD
peya-bi-tools-pro,il_core,fact_orders,discounts_v2.source,"STRUCT<id STRING, type STRING, version STRING>",,,NESTED_FIELD
peya-bi-tools-pro,il_core,fact_orders,discounts_v2.source.id,STRING,,,NESTED_FIELD
peya-bi-tools-pro,il_core,fact_orders,discounts_v2.source.type,STRING,,,NESTED_FIELD
peya-bi-tools-pro,il_core,fact_orders,discounts_v2.source.version,STRING,,,NESTED_FIELD
peya-bi-tools-pro,il_core,fact_orders,fees_v2.delivery_fee_amount,FLOAT64,,,NESTED_FIELD
peya-bi-tools-pro,il_core,fact_orders,fees_v2.delivery_fee_amount_discounts,FLOAT64,,,NESTED_FIELD
peya-bi-tools-pro,il_core,fact_orders,fees_v2.delivery_fee_amount_no_discount,FLOAT64,,,NESTED_FIELD
peya-bi-tools-pro,il_core,fact_orders,fees_v2.delivery_fee_amount_taxes,FLOAT64,,,NESTED_FIELD
peya-bi-tools-pro,il_core,fact_orders,fees_v2.priority_fee_amount,FLOAT64,,,NESTED_FIELD
peya-bi-tools-pro,il_core,fact_orders,fees_v2.priority_fee_amount_discounts,FLOAT64,,,NESTED_FIELD
peya-bi-tools-pro,il_core,fact_orders,fees_v2.priority_fee_amount_no_discount,FLOAT64,,,NESTED_FIELD
peya-bi-tools-pro,il_core,fact_orders,fees_v2.priority_fee_amount_taxes,FLOAT64,,,NESTED_FIELD
peya-bi-tools-pro,il_core,fact_orders,fees_v2.service_fee_amount,FLOAT64,,,NESTED_FIELD
peya-bi-tools-pro,il_core,fact_orders,fees_v2.service_fee_amount_discounts,FLOAT64,,,NESTED_FIELD
peya-bi-tools-pro,il_core,fact_orders,fees_v2.service_fee_amount_no_discount,FLOAT64,,,NESTED_FIELD
peya-bi-tools-pro,il_core,fact_orders,fees_v2.service_fee_amount_taxes,FLOAT64,,,NESTED_FIELD
peya-bi-tools-pro,il_core,fact_orders,fees_v2.small_order_fee_amount,FLOAT64,,,NESTED_FIELD
peya-bi-tools-pro,il_core,fact_orders,fees_v2.small_order_fee_amount_discounts,FLOAT64,,,NESTED_FIELD
peya-bi-tools-pro,il_core,fact_orders,fees_v2.small_order_fee_amount_no_discount,FLOAT64,,,NESTED_FIELD
peya-bi-tools-pro,il_core,fact_orders,fees_v2.small_order_fee_amount_taxes,FLOAT64,,,NESTED_FIELD
peya-bi-tools-pro,il_core,fact_orders,fundings.amount,FLOAT64,,,NESTED_FIELD
peya-bi-tools-pro,il_core,fact_orders,fundings.fundingSource,STRING,,,NESTED_FIELD
peya-bi-tools-pro,il_core,fact_orders,fundings.id,INT64,,,NESTED_FIELD
peya-bi-tools-pro,il_core,fact_orders,fundings.notes,STRING,,,NESTED_FIELD
peya-bi-tools-pro,il_core,fact_orders,fundings.order,STRUCT<id INT64>,,,NESTED_FIELD
peya-bi-tools-pro,il_core,fact_orders,fundings.order.id,INT64,,,NESTED_FIELD
peya-bi-tools-pro,il_core,fact_orders,fundings.transactionId,STRING,,,NESTED_FIELD
peya-bi-tools-pro,il_core,fact_orders,fundings.type,STRING,,,NESTED_FIELD
peya-bi-tools-pro,il_core,fact_orders,images.id,INT64,,,NESTED_FIELD
peya-bi-tools-pro,il_core,fact_orders,images.url,STRING,,,NESTED_FIELD
peya-bi-tools-pro,il_core,fact_orders,paymentMethod.descriptionEN,STRING,,,NESTED_FIELD
peya-bi-tools-pro,il_core,fact_orders,paymentMethod.descriptionES,STRING,,,NESTED_FIELD
peya-bi-tools-pro,il_core,fact_orders,paymentMethod.descriptionPT,STRING,,,NESTED_FIELD
peya-bi-tools-pro,il_core,fact_orders,paymentMethod.fullDescriptionES,STRING,,,NESTED_FIELD
peya-bi-tools-pro,il_core,fact_orders,paymentMethod.id,INT64,,,NESTED_FIELD
peya-bi-tools-pro,il_core,fact_orders,paymentMethod.image,STRING,,,NESTED_FIELD
peya-bi-tools-pro,il_core,fact_orders,paymentMethod.name,STRING,,,NESTED_FIELD
peya-bi-tools-pro,il_core,fact_orders,paymentMethod.online,BOOL,,,NESTED_FIELD
peya-bi-tools-pro,il_core,fact_orders,paymentMethod.onlineForBilling,BOOL,,,NESTED_FIELD
peya-bi-tools-pro,il_core,fact_orders,paymentMethod.uiType,STRING,,,NESTED_FIELD
peya-bi-tools-pro,il_core,fact_orders,promisedDeliveryTime.description,STRING,,,NESTED_FIELD
peya-bi-tools-pro,il_core,fact_orders,promisedDeliveryTime.id,INT64,,,NESTED_FIELD
peya-bi-tools-pro,il_core,fact_orders,promisedDeliveryTime.maxMinutes,INT64,,,NESTED_FIELD
peya-bi-tools-pro,il_core,fact_orders,promisedDeliveryTime.minMinutes,INT64,,,NESTED_FIELD
peya-bi-tools-pro,il_core,fact_orders,promisedDeliveryTime.name,STRING,,,NESTED_FIELD
peya-bi-tools-pro,il_core,fact_orders,promisedDeliveryTime.order,INT64,,,NESTED_FIELD
peya-bi-tools-pro,il_core,fact_orders,rejectMessage.defaultOwner,STRING,,,NESTED_FIELD
peya-bi-tools-pro,il_core,fact_orders,rejectMessage.descriptionES,STRING,,,NESTED_FIELD
peya-bi-tools-pro,il_core,fact_orders,rejectMessage.descriptionPT,STRING,,,NESTED_FIELD
peya-bi-tools-pro,il_core,fact_orders,rejectMessage.forInternalTools,BOOL,,,NESTED_FIELD
peya-bi-tools-pro,il_core,fact_orders,rejectMessage.globalCode,STRING,,,NESTED_FIELD
peya-bi-tools-pro,il_core,fact_orders,rejectMessage.id,INT64,,,NESTED_FIELD
peya-bi-tools-pro,il_core,fact_orders,restaurant.address,"STRUCT<area STRUCT<city STRUCT<id INT64, name STRING, state STRUCT<id INT64, name STRING>>, id INT64>, complement STRING, doorNumber STRING, id INT64, latitude FLOAT64, longitude FLOAT64, zipCode STRING>",,,NESTED_FIELD
peya-bi-tools-pro,il_core,fact_orders,restaurant.address.area,"STRUCT<city STRUCT<id INT64, name STRING, state STRUCT<id INT64, name STRING>>, id INT64>",,,NESTED_FIELD
peya-bi-tools-pro,il_core,fact_orders,restaurant.address.area.city,"STRUCT<id INT64, name STRING, state STRUCT<id INT64, name STRING>>",,,NESTED_FIELD
peya-bi-tools-pro,il_core,fact_orders,restaurant.address.area.city.id,INT64,,,NESTED_FIELD
peya-bi-tools-pro,il_core,fact_orders,restaurant.address.area.city.name,STRING,,,NESTED_FIELD
peya-bi-tools-pro,il_core,fact_orders,restaurant.address.area.city.state,"STRUCT<id INT64, name STRING>",,,NESTED_FIELD
peya-bi-tools-pro,il_core,fact_orders,restaurant.address.area.city.state.id,INT64,,,NESTED_FIELD
peya-bi-tools-pro,il_core,fact_orders,restaurant.address.area.city.state.name,STRING,,,NESTED_FIELD
peya-bi-tools-pro,il_core,fact_orders,restaurant.address.area.id,INT64,,,NESTED_FIELD
peya-bi-tools-pro,il_core,fact_orders,restaurant.address.complement,STRING,,,NESTED_FIELD
peya-bi-tools-pro,il_core,fact_orders,restaurant.address.doorNumber,STRING,,,NESTED_FIELD
peya-bi-tools-pro,il_core,fact_orders,restaurant.address.id,INT64,,,NESTED_FIELD
peya-bi-tools-pro,il_core,fact_orders,restaurant.address.latitude,FLOAT64,,,NESTED_FIELD
peya-bi-tools-pro,il_core,fact_orders,restaurant.address.longitude,FLOAT64,,,NESTED_FIELD
peya-bi-tools-pro,il_core,fact_orders,restaurant.address.zipCode,STRING,,,NESTED_FIELD
peya-bi-tools-pro,il_core,fact_orders,restaurant.automaticPhoneEnabled,BOOL,,,NESTED_FIELD
peya-bi-tools-pro,il_core,fact_orders,restaurant.billingInfo,"STRUCT<companyNumber STRING, id INT64>",,,NESTED_FIELD
peya-bi-tools-pro,il_core,fact_orders,restaurant.billingInfo.companyNumber,STRING,,,NESTED_FIELD
peya-bi-tools-pro,il_core,fact_orders,restaurant.billingInfo.id,INT64,,,NESTED_FIELD
peya-bi-tools-pro,il_core,fact_orders,restaurant.branchParent,STRUCT<id INT64>,,,NESTED_FIELD
peya-bi-tools-pro,il_core,fact_orders,restaurant.branchParent.id,INT64,,,NESTED_FIELD
peya-bi-tools-pro,il_core,fact_orders,restaurant.businessType,STRING,,,NESTED_FIELD
peya-bi-tools-pro,il_core,fact_orders,restaurant.country,"STRUCT<culture STRING, currency STRUCT<id INT64, isoCode STRING, symbol STRING>, id INT64, name STRING, shortName STRING, timeOffset INT64, url STRING>",,,NESTED_FIELD
peya-bi-tools-pro,il_core,fact_orders,restaurant.country.culture,STRING,,,NESTED_FIELD
peya-bi-tools-pro,il_core,fact_orders,restaurant.country.currency,"STRUCT<id INT64, isoCode STRING, symbol STRING>",,,NESTED_FIELD
peya-bi-tools-pro,il_core,fact_orders,restaurant.country.currency.id,INT64,,,NESTED_FIELD
peya-bi-tools-pro,il_core,fact_orders,restaurant.country.currency.isoCode,STRING,,,NESTED_FIELD
peya-bi-tools-pro,il_core,fact_orders,restaurant.country.currency.symbol,STRING,,,NESTED_FIELD
peya-bi-tools-pro,il_core,fact_orders,restaurant.country.id,INT64,,,NESTED_FIELD
peya-bi-tools-pro,il_core,fact_orders,restaurant.country.name,STRING,,,NESTED_FIELD
peya-bi-tools-pro,il_core,fact_orders,restaurant.country.shortName,STRING,,,NESTED_FIELD
peya-bi-tools-pro,il_core,fact_orders,restaurant.country.timeOffset,INT64,,,NESTED_FIELD
peya-bi-tools-pro,il_core,fact_orders,restaurant.country.url,STRING,,,NESTED_FIELD
peya-bi-tools-pro,il_core,fact_orders,restaurant.deliveryTime,"STRUCT<id INT64, maxMinutes INT64, minMinutes INT64>",,,NESTED_FIELD
peya-bi-tools-pro,il_core,fact_orders,restaurant.deliveryTime.id,INT64,,,NESTED_FIELD
peya-bi-tools-pro,il_core,fact_orders,restaurant.deliveryTime.maxMinutes,INT64,,,NESTED_FIELD
peya-bi-tools-pro,il_core,fact_orders,restaurant.deliveryTime.minMinutes,INT64,,,NESTED_FIELD
peya-bi-tools-pro,il_core,fact_orders,restaurant.hash,STRING,,,NESTED_FIELD
peya-bi-tools-pro,il_core,fact_orders,restaurant.id,INT64,,,NESTED_FIELD
peya-bi-tools-pro,il_core,fact_orders,restaurant.integrationCode,STRING,,,NESTED_FIELD
peya-bi-tools-pro,il_core,fact_orders,restaurant.integrationName,STRING,,,NESTED_FIELD
peya-bi-tools-pro,il_core,fact_orders,restaurant.isImportantAccount,BOOL,,,NESTED_FIELD
peya-bi-tools-pro,il_core,fact_orders,restaurant.link,STRING,,,NESTED_FIELD
peya-bi-tools-pro,il_core,fact_orders,restaurant.logo,STRING,,,NESTED_FIELD
peya-bi-tools-pro,il_core,fact_orders,restaurant.migrationId,INT64,,,NESTED_FIELD
peya-bi-tools-pro,il_core,fact_orders,restaurant.modelVersion,INT64,,,NESTED_FIELD
peya-bi-tools-pro,il_core,fact_orders,restaurant.name,STRING,,,NESTED_FIELD
peya-bi-tools-pro,il_core,fact_orders,restaurant.ordersReceptionSystem,"STRUCT<category STRING, code STRING, id INT64, itWorks BOOL, name STRING, push BOOL>",,,NESTED_FIELD
peya-bi-tools-pro,il_core,fact_orders,restaurant.ordersReceptionSystem.category,STRING,,,NESTED_FIELD
peya-bi-tools-pro,il_core,fact_orders,restaurant.ordersReceptionSystem.code,STRING,,,NESTED_FIELD
peya-bi-tools-pro,il_core,fact_orders,restaurant.ordersReceptionSystem.id,INT64,,,NESTED_FIELD
peya-bi-tools-pro,il_core,fact_orders,restaurant.ordersReceptionSystem.itWorks,BOOL,,,NESTED_FIELD
peya-bi-tools-pro,il_core,fact_orders,restaurant.ordersReceptionSystem.name,STRING,,,NESTED_FIELD
peya-bi-tools-pro,il_core,fact_orders,restaurant.ordersReceptionSystem.push,BOOL,,,NESTED_FIELD
peya-bi-tools-pro,il_core,fact_orders,restaurant.ordersSecondaryReceptionSystem,"STRUCT<code STRING, id INT64, name STRING, push BOOL>",,,NESTED_FIELD
peya-bi-tools-pro,il_core,fact_orders,restaurant.ordersSecondaryReceptionSystem.code,STRING,,,NESTED_FIELD
peya-bi-tools-pro,il_core,fact_orders,restaurant.ordersSecondaryReceptionSystem.id,INT64,,,NESTED_FIELD
peya-bi-tools-pro,il_core,fact_orders,restaurant.ordersSecondaryReceptionSystem.name,STRING,,,NESTED_FIELD
peya-bi-tools-pro,il_core,fact_orders,restaurant.ordersSecondaryReceptionSystem.push,BOOL,,,NESTED_FIELD
peya-bi-tools-pro,il_core,fact_orders,restaurant.parallelReceptionSystem,BOOL,,,NESTED_FIELD
peya-bi-tools-pro,il_core,fact_orders,restaurant.publicPhone,STRING,,,NESTED_FIELD
peya-bi-tools-pro,il_core,fact_orders,restaurant.ratings,"ARRAY<STRUCT<generalScore FLOAT64, id INT64, platform STRING>>",,,NESTED_FIELD
peya-bi-tools-pro,il_core,fact_orders,restaurant.ratings.generalScore,FLOAT64,,,NESTED_FIELD
peya-bi-tools-pro,il_core,fact_orders,restaurant.ratings.id,INT64,,,NESTED_FIELD
peya-bi-tools-pro,il_core,fact_orders,restaurant.ratings.platform,STRING,,,NESTED_FIELD
peya-bi-tools-pro,il_core,fact_orders,restaurant.receptionEmail,STRING,,,NESTED_FIELD
peya-bi-tools-pro,il_core,fact_orders,restaurant.receptionSystemEnabled,BOOL,,,NESTED_FIELD
peya-bi-tools-pro,il_core,fact_orders,restaurant.registeredDate,TIMESTAMP,,,NESTED_FIELD
peya-bi-tools-pro,il_core,fact_orders,restaurant.requiresProofOfDelivery,BOOL,,,NESTED_FIELD
peya-bi-tools-pro,il_core,fact_orders,restaurant.restaurantBillingInfo,"STRUCT<automationAmount FLOAT64, commission FLOAT64, commissionIncludesDeliveryCost BOOL, dateCreated TIMESTAMP, generateFinalUserDocuments BOOL, id INT64, lastUpdated TIMESTAMP, logisticsCommission FLOAT64, marketingAmount FLOAT64, mobileWhiteLabelCommission FLOAT64, paymentMode STRING, restaurant STRUCT<id INT64>, retainsShippingAmount BOOL, widgetCommission FLOAT64>",,,NESTED_FIELD
peya-bi-tools-pro,il_core,fact_orders,restaurant.restaurantBillingInfo.automationAmount,FLOAT64,,,NESTED_FIELD
peya-bi-tools-pro,il_core,fact_orders,restaurant.restaurantBillingInfo.commission,FLOAT64,,,NESTED_FIELD
peya-bi-tools-pro,il_core,fact_orders,restaurant.restaurantBillingInfo.commissionIncludesDeliveryCost,BOOL,,,NESTED_FIELD
peya-bi-tools-pro,il_core,fact_orders,restaurant.restaurantBillingInfo.dateCreated,TIMESTAMP,,,NESTED_FIELD
peya-bi-tools-pro,il_core,fact_orders,restaurant.restaurantBillingInfo.generateFinalUserDocuments,BOOL,,,NESTED_FIELD
peya-bi-tools-pro,il_core,fact_orders,restaurant.restaurantBillingInfo.id,INT64,,,NESTED_FIELD
peya-bi-tools-pro,il_core,fact_orders,restaurant.restaurantBillingInfo.lastUpdated,TIMESTAMP,,,NESTED_FIELD
peya-bi-tools-pro,il_core,fact_orders,restaurant.restaurantBillingInfo.logisticsCommission,FLOAT64,,,NESTED_FIELD
peya-bi-tools-pro,il_core,fact_orders,restaurant.restaurantBillingInfo.marketingAmount,FLOAT64,,,NESTED_FIELD
peya-bi-tools-pro,il_core,fact_orders,restaurant.restaurantBillingInfo.mobileWhiteLabelCommission,FLOAT64,,,NESTED_FIELD
peya-bi-tools-pro,il_core,fact_orders,restaurant.restaurantBillingInfo.paymentMode,STRING,,,NESTED_FIELD
peya-bi-tools-pro,il_core,fact_orders,restaurant.restaurantBillingInfo.restaurant,STRUCT<id INT64>,,,NESTED_FIELD
peya-bi-tools-pro,il_core,fact_orders,restaurant.restaurantBillingInfo.restaurant.id,INT64,,,NESTED_FIELD
peya-bi-tools-pro,il_core,fact_orders,restaurant.restaurantBillingInfo.retainsShippingAmount,BOOL,,,NESTED_FIELD
peya-bi-tools-pro,il_core,fact_orders,restaurant.restaurantBillingInfo.widgetCommission,FLOAT64,,,NESTED_FIELD
peya-bi-tools-pro,il_core,fact_orders,serviceFee.service_fee_amount,FLOAT64,,,NESTED_FIELD
peya-bi-tools-pro,il_core,fact_orders,serviceFee.service_fee_id,INT64,,,NESTED_FIELD
peya-bi-tools-pro,il_core,fact_orders,serviceFee.service_fee_no_discount,FLOAT64,,,NESTED_FIELD
peya-bi-tools-pro,il_core,fact_orders,timeEstimation.id,INT64,,,NESTED_FIELD
peya-bi-tools-pro,il_core,fact_orders,timeEstimation.pickupTime,STRING,,,NESTED_FIELD
peya-bi-tools-pro,il_core,fact_orders,timeEstimation.preparationBuffer,INT64,,,NESTED_FIELD
peya-bi-tools-pro,il_core,fact_orders,timeEstimation.preparationTime,INT64,,,NESTED_FIELD
peya-bi-tools-pro,il_core,fact_orders,timeEstimation.promisedTime,STRING,,,NESTED_FIELD
peya-bi-tools-pro,il_core,fact_orders,user.avatar,STRING,,,NESTED_FIELD
peya-bi-tools-pro,il_core,fact_orders,user.country,"STRUCT<id INT64, name STRING>",,,NESTED_FIELD
peya-bi-tools-pro,il_core,fact_orders,user.country.id,INT64,,,NESTED_FIELD
peya-bi-tools-pro,il_core,fact_orders,user.country.name,STRING,,,NESTED_FIELD
peya-bi-tools-pro,il_core,fact_orders,user.data,"STRUCT<birth STRING, gender STRING, id INT64, orderCount INT64>",,,NESTED_FIELD
peya-bi-tools-pro,il_core,fact_orders,user.data.birth,STRING,,,NESTED_FIELD
peya-bi-tools-pro,il_core,fact_orders,user.data.gender,STRING,,,NESTED_FIELD
peya-bi-tools-pro,il_core,fact_orders,user.data.id,INT64,,,NESTED_FIELD
peya-bi-tools-pro,il_core,fact_orders,user.data.orderCount,INT64,,,NESTED_FIELD
peya-bi-tools-pro,il_core,fact_orders,user.email,STRING,,,NESTED_FIELD
peya-bi-tools-pro,il_core,fact_orders,user.facebookId,STRING,,,NESTED_FIELD
peya-bi-tools-pro,il_core,fact_orders,user.firstOrderDate,TIMESTAMP,,,NESTED_FIELD
peya-bi-tools-pro,il_core,fact_orders,user.hash,STRING,,,NESTED_FIELD
peya-bi-tools-pro,il_core,fact_orders,user.id,INT64,,,NESTED_FIELD
peya-bi-tools-pro,il_core,fact_orders,user.identityCard,STRING,,,NESTED_FIELD
peya-bi-tools-pro,il_core,fact_orders,user.lastName,STRING,,,NESTED_FIELD
peya-bi-tools-pro,il_core,fact_orders,user.mobile,STRING,,,NESTED_FIELD
peya-bi-tools-pro,il_core,fact_orders,user.modelVersion,INT64,,,NESTED_FIELD
peya-bi-tools-pro,il_core,fact_orders,user.name,STRING,,,NESTED_FIELD
peya-bi-tools-pro,il_core,fact_orders,user.platform,STRING,,,NESTED_FIELD
peya-bi-tools-pro,il_core,fact_orders,user.receivesPushReviewReminder,BOOL,,,NESTED_FIELD
peya-bi-tools-pro,il_core,fact_orders,user.receivesReviewReminder,BOOL,,,NESTED_FIELD
peya-bi-tools-pro,il_core,fact_orders,user.receivesWhatsappNotifications,BOOL,,,NESTED_FIELD
peya-bi-tools-pro,il_core,fact_orders,user.registeredDate,TIMESTAMP,,,NESTED_FIELD
peya-bi-tools-pro,il_core,fact_orders,user.type,STRING,,,NESTED_FIELD
peya-bi-tools-pro,il_core,fact_orders,user.userTrustScore,"STRUCT<confirmedOfflineOrderCount INT64, confirmedOnlineOrderCount INT64, id INT64>",,,NESTED_FIELD
peya-bi-tools-pro,il_core,fact_orders,user.userTrustScore.confirmedOfflineOrderCount,INT64,,,NESTED_FIELD
peya-bi-tools-pro,il_core,fact_orders,user.userTrustScore.confirmedOnlineOrderCount,INT64,,,NESTED_FIELD
peya-bi-tools-pro,il_core,fact_orders,user.userTrustScore.id,INT64,,,NESTED_FIELD
peya-bi-tools-pro,il_core,fact_orders,user.whatsAppUserId,STRING,,,NESTED_FIELD
peya-bi-tools-pro,il_core,fact_orders,userBilling.companyName,STRING,,,NESTED_FIELD
peya-bi-tools-pro,il_core,fact_orders,userBilling.companyNumber,STRING,,,NESTED_FIELD
peya-bi-tools-pro,il_core,fact_orders,userBilling.id,INT64,,,NESTED_FIELD
peya-bi-tools-pro,il_core,fact_orders,userBilling.order,STRUCT<id INT64>,,,NESTED_FIELD
peya-bi-tools-pro,il_core,fact_orders,userBilling.order.id,INT64,,,NESTED_FIELD
peya-bi-tools-pro,il_core,fact_orders,whiteLabel.id,INT64,,,NESTED_FIELD
peya-bi-tools-pro,il_core,fact_orders,whiteLabel.name,STRING,,,NESTED_FIELD
peya-bi-tools-pro,il_logistics,fact_logistic_orders,order_sk,STRING,1,YES,TOP_LEVEL
peya-bi-tools-pro,il_logistics,fact_logistic_orders,country_code,STRING,2,YES,TOP_LEVEL
peya-bi-tools-pro,il_logistics,fact_logistic_orders,country,"STRUCT<country_id INT64, country_code STRING, country_iso STRING, country_name STRING, country_name_dh STRING>",3,YES,TOP_LEVEL
peya-bi-tools-pro,il_logistics,fact_logistic_orders,region,STRING,4,YES,TOP_LEVEL
peya-bi-tools-pro,il_logistics,fact_logistic_orders,order_id,INT64,5,YES,TOP_LEVEL
peya-bi-tools-pro,il_logistics,fact_logistic_orders,platform_order_id,INT64,6,YES,TOP_LEVEL
peya-bi-tools-pro,il_logistics,fact_logistic_orders,platform_order_code,STRING,7,YES,TOP_LEVEL
peya-bi-tools-pro,il_logistics,fact_logistic_orders,peya_order_id,INT64,8,YES,TOP_LEVEL
peya-bi-tools-pro,il_logistics,fact_logistic_orders,peya_partner_id,INT64,9,YES,TOP_LEVEL
peya-bi-tools-pro,il_logistics,fact_logistic_orders,entity,"STRUCT<id STRING, display_name STRING, brand_id STRING>",10,YES,TOP_LEVEL
peya-bi-tools-pro,il_logistics,fact_logistic_orders,created_date,DATE,11,YES,TOP_LEVEL
peya-bi-tools-pro,il_logistics,fact_logistic_orders,created_at,TIMESTAMP,12,YES,TOP_LEVEL
peya-bi-tools-pro,il_logistics,fact_logistic_orders,created_date_local,DATE,13,YES,TOP_LEVEL
peya-bi-tools-pro,il_logistics,fact_logistic_orders,created_at_local,DATETIME,14,YES,TOP_LEVEL
peya-bi-tools-pro,il_logistics,fact_logistic_orders,order_placed_at,TIMESTAMP,15,YES,TOP_LEVEL
peya-bi-tools-pro,il_logistics,fact_logistic_orders,order_placed_at_local,DATETIME,16,YES,TOP_LEVEL
peya-bi-tools-pro,il_logistics,fact_logistic_orders,city,"STRUCT<city_id INT64, city_name STRING, order_value_limit FLOAT64>",17,YES,TOP_LEVEL
peya-bi-tools-pro,il_logistics,fact_logistic_orders,zone,"STRUCT<zone_id INT64, zone_name STRING, geo_id STRING, is_active BOOL, has_default_delivery_area_settings BOOL, created_at TIMESTAMP, updated_at TIMESTAMP, shape GEOGRAPHY, delivery_types ARRAY<STRING>, vehicle_types ARRAY<STRING>, distance_cap INT64, area FLOAT64, embedding_zone_ids ARRAY<INT64>, is_embedded BOOL>",18,YES,TOP_LEVEL
peya-bi-tools-pro,il_logistics,fact_logistic_orders,timezone,STRING,19,YES,TOP_LEVEL
peya-bi-tools-pro,il_logistics,fact_logistic_orders,is_preorder,BOOL,20,YES,TOP_LEVEL
peya-bi-tools-pro,il_logistics,fact_logistic_orders,estimated_prep_time,INT64,21,YES,TOP_LEVEL
peya-bi-tools-pro,il_logistics,fact_logistic_orders,estimated_prep_buffer,INT64,22,YES,TOP_LEVEL
peya-bi-tools-pro,il_logistics,fact_logistic_orders,cod_change_for,INT64,23,YES,TOP_LEVEL
peya-bi-tools-pro,il_logistics,fact_logistic_orders,cod_collect_at_dropoff,INT64,24,YES,TOP_LEVEL
peya-bi-tools-pro,il_logistics,fact_logistic_orders,cod_pay_at_pickup,INT64,25,YES,TOP_LEVEL
peya-bi-tools-pro,il_logistics,fact_logistic_orders,delivery_fee,INT64,26,YES,TOP_LEVEL
peya-bi-tools-pro,il_logistics,fact_logistic_orders,dropoff_address_id,INT64,27,YES,TOP_LEVEL
peya-bi-tools-pro,il_logistics,fact_logistic_orders,online_tip,INT64,28,YES,TOP_LEVEL
peya-bi-tools-pro,il_logistics,fact_logistic_orders,vendor_accepted_at,TIMESTAMP,29,YES,TOP_LEVEL
peya-bi-tools-pro,il_logistics,fact_logistic_orders,vendor_accepted_at_local,DATETIME,30,YES,TOP_LEVEL
peya-bi-tools-pro,il_logistics,fact_logistic_orders,sent_to_vendor_at,TIMESTAMP,31,YES,TOP_LEVEL
peya-bi-tools-pro,il_logistics,fact_logistic_orders,sent_to_vendor_at_local,DATETIME,32,YES,TOP_LEVEL
peya-bi-tools-pro,il_logistics,fact_logistic_orders,original_scheduled_pickup_at,TIMESTAMP,33,YES,TOP_LEVEL
peya-bi-tools-pro,il_logistics,fact_logistic_orders,original_scheduled_pickup_at_local,DATETIME,34,YES,TOP_LEVEL
peya-bi-tools-pro,il_logistics,fact_logistic_orders,pickup_address_id,INT64,35,YES,TOP_LEVEL
peya-bi-tools-pro,il_logistics,fact_logistic_orders,platform,STRING,36,YES,TOP_LEVEL
peya-bi-tools-pro,il_logistics,fact_logistic_orders,promised_delivery_time,TIMESTAMP,37,YES,TOP_LEVEL
peya-bi-tools-pro,il_logistics,fact_logistic_orders,promised_delivery_time_local,DATETIME,38,YES,TOP_LEVEL
peya-bi-tools-pro,il_logistics,fact_logistic_orders,updated_scheduled_pickup_at,TIMESTAMP,39,YES,TOP_LEVEL
peya-bi-tools-pro,il_logistics,fact_logistic_orders,updated_scheduled_pickup_at_local,DATETIME,40,YES,TOP_LEVEL
peya-bi-tools-pro,il_logistics,fact_logistic_orders,stacking_group,STRING,41,YES,TOP_LEVEL
peya-bi-tools-pro,il_logistics,fact_logistic_orders,order_status,STRING,42,YES,TOP_LEVEL
peya-bi-tools-pro,il_logistics,fact_logistic_orders,tags,ARRAY<STRING>,43,NO,TOP_LEVEL
peya-bi-tools-pro,il_logistics,fact_logistic_orders,order_value,INT64,44,YES,TOP_LEVEL
peya-bi-tools-pro,il_logistics,fact_logistic_orders,capacity,INT64,45,YES,TOP_LEVEL
peya-bi-tools-pro,il_logistics,fact_logistic_orders,vendor_order_number,INT64,46,YES,TOP_LEVEL
peya-bi-tools-pro,il_logistics,fact_logistic_orders,deliveries,"ARRAY<STRUCT<delivery_sk STRING, delivery_id INT64, created_at TIMESTAMP, is_primary BOOL, is_returning BOOL, is_redelivery BOOL, rider_id INT64, city_id INT64, timezone STRING, delivery_status STRING, delivery_reason STRING, delivery_distance INT64, rider_dispatched_at TIMESTAMP, rider_notified_at TIMESTAMP, rider_accepted_at TIMESTAMP, rider_near_restaurant_at TIMESTAMP, rider_picked_up_at TIMESTAMP, rider_near_customer_at TIMESTAMP, rider_dropped_off_at TIMESTAMP, auto_transition STRUCT<pickup BOOL, dropoff BOOL>, pickup STRING, dropoff STRING, accepted STRING, rider_starting_point_id INT64, pickup_distance_manhattan FLOAT64, pickup_distance_google FLOAT64, pickup_distance_dte FLOAT64, dropoff_distance_dte FLOAT64, estimated_distance_and_time_dte ARRAY<STRUCT<vehicle_type STRING, time FLOAT64, distance FLOAT64>>, dropoff_distance_manhattan FLOAT64, dropoff_distance_google FLOAT64, transitions ARRAY<STRUCT<transition_sk STRING, state STRING, rider_id INT64, auto_transition BOOL, created_at TIMESTAMP, GEOGRAPHY STRING, rider_starting_point_id INT64, actions STRUCT<user_id INT64, performed_by STRING, reason STRING, issue_type STRING, comment STRING>, dispatch_type STRING, undispatch_type STRING, event_type STRING, update_reason STRING, estimated_pickup_arrival_at TIMESTAMP, estimated_dropoff_arrival_at TIMESTAMP, latest BOOL, first BOOL, created_at_local DATETIME, estimated_pickup_arrival_at_local DATETIME, estimated_dropoff_arrival_at_local DATETIME, transition_notified INT64, transition_accepted INT64>>, vehicle STRUCT<id INT64, name STRING, profile STRING, vehicle_bag STRING, bag_name STRING>, stacked_deliveries INT64, is_stacked BOOL, is_stacked_intravendor BOOL, stacked_deliveries_details ARRAY<STRUCT<delivery_id INT64>>, timings STRUCT<dispatching_time INT64, rider_reaction_time INT64, rider_accepting_time INT64, to_vendor_time INT64, vendor_arriving_time INT64, vendor_leaving_time INT64, rider_late INT64, vendor_late INT64, assumed_actual_preparation_time INT64, bag_time INT64, at_vendor_time INT64, at_vendor_time_cleaned INT64, to_customer_time INT64, customer_walk_in_time INT64, at_customer_time INT64, customer_walk_out_time INT64, actual_delivery_time INT64, delivery_delay INT64>, created_at_local DATETIME, rider_dispatched_at_local DATETIME, rider_notified_at_local DATETIME, rider_accepted_at_local DATETIME, rider_near_restaurant_at_local DATETIME, rider_picked_up_at_local DATETIME, rider_near_customer_at_local DATETIME, rider_dropped_off_at_local DATETIME, inferred_shifts ARRAY<STRUCT<shift_sk STRING, shift_id INT64, shift_start_at TIMESTAMP, shift_start_at_local DATETIME, shift_end_at TIMESTAMP, shift_end_at_local DATETIME>>, delivery_completed INT64, delivery_cancelled INT64>>",47,NO,TOP_LEVEL
peya-bi-tools-pro,il_logistics,fact_logistic_orders,cancellation,"STRUCT<source STRING, performed_by INT64, reason STRING>",48,YES,TOP_LEVEL
peya-bi-tools-pro,il_logistics,fact_logistic_orders,customer,STRUCT<location STRING>,49,YES,TOP_LEVEL
peya-bi-tools-pro,il_logistics,fact_logistic_orders,vendor,"STRUCT<id INT64, vendor_code STRING, name STRING, walk_in_time INT64, walk_out_time INT64, location GEOGRAPHY, vertical_type STRING>",50,YES,TOP_LEVEL
peya-bi-tools-pro,il_logistics,fact_logistic_orders,porygon,"ARRAY<STRUCT<vehicle_profile STRING, drive_time_value INT64, active_vehicle_profile STRING>>",51,NO,TOP_LEVEL
peya-bi-tools-pro,il_logistics,fact_logistic_orders,timings,"STRUCT<updated_prep_time INT64, hold_back_time INT64, vendor_reaction_time INT64, dispatching_time INT64, rider_reaction_time INT64, rider_accepting_time INT64, to_vendor_time INT64, expected_vendor_walk_in_time INT64, estimated_walk_in_duration FLOAT64, estimated_walk_out_duration FLOAT64, estimated_arriving_duration FLOAT64, estimated_leaving_duration FLOAT64, estimated_drop_off_duration FLOAT64, estimated_delivery_duration_buffer INT64, estimated_courier_delay INT64, estimated_driving_time INT64, rider_late INT64, vendor_late INT64, assumed_actual_preparation_time INT64, bag_time INT64, at_vendor_time INT64, at_vendor_time_cleaned INT64, vendor_arriving_time INT64, vendor_leaving_time INT64, expected_vendor_walk_out_time INT64, to_customer_time INT64, customer_walk_in_time INT64, at_customer_time INT64, customer_walk_out_time INT64, actual_delivery_time INT64, promised_delivery_time INT64, order_delay INT64, zone_stats STRUCT<mean_delay FLOAT64>, avoidable_wait_time INT64>",52,YES,TOP_LEVEL
peya-bi-tools-pro,il_logistics,fact_logistic_orders,is_order_late_10,INT64,53,YES,TOP_LEVEL
peya-bi-tools-pro,il_logistics,fact_logistic_orders,is_order_delay_nn,INT64,54,YES,TOP_LEVEL
peya-bi-tools-pro,il_logistics,fact_logistic_orders,is_vendor_late_10,INT64,55,YES,TOP_LEVEL
peya-bi-tools-pro,il_logistics,fact_logistic_orders,is_vendor_late_nn,INT64,56,YES,TOP_LEVEL
peya-bi-tools-pro,il_logistics,fact_logistic_orders,is_rider_late_10,INT64,57,YES,TOP_LEVEL
peya-bi-tools-pro,il_logistics,fact_logistic_orders,is_rider_late_nn,INT64,58,YES,TOP_LEVEL
peya-bi-tools-pro,il_logistics,fact_logistic_orders,order_completed,INT64,59,YES,TOP_LEVEL
peya-bi-tools-pro,il_logistics,fact_logistic_orders,primary_delivery_rider_dropped_off_at_local,DATETIME,60,YES,TOP_LEVEL
peya-bi-tools-pro,il_logistics,fact_logistic_orders,order_completed_np,INT64,61,YES,TOP_LEVEL
peya-bi-tools-pro,il_logistics,fact_logistic_orders,order_cancelled,INT64,62,YES,TOP_LEVEL
peya-bi-tools-pro,il_logistics,fact_logistic_orders,to_dispatch_time,INT64,63,YES,TOP_LEVEL
peya-bi-tools-pro,il_logistics,fact_logistic_orders,prepared_at,TIMESTAMP,64,YES,TOP_LEVEL
peya-bi-tools-pro,il_logistics,fact_logistic_orders,audi_load_date,DATETIME,65,YES,TOP_LEVEL
peya-bi-tools-pro,il_logistics,fact_logistic_orders,utilization_type,STRING,66,YES,TOP_LEVEL
peya-bi-tools-pro,il_logistics,fact_logistic_orders,awt_id,STRING,67,YES,TOP_LEVEL
peya-bi-tools-pro,il_logistics,fact_logistic_orders,food_is_ready_at,TIMESTAMP,68,YES,TOP_LEVEL
peya-bi-tools-pro,il_logistics,fact_logistic_orders,cancellation.performed_by,INT64,,,NESTED_FIELD
peya-bi-tools-pro,il_logistics,fact_logistic_orders,cancellation.reason,STRING,,,NESTED_FIELD
peya-bi-tools-pro,il_logistics,fact_logistic_orders,cancellation.source,STRING,,,NESTED_FIELD
peya-bi-tools-pro,il_logistics,fact_logistic_orders,city.city_id,INT64,,,NESTED_FIELD
peya-bi-tools-pro,il_logistics,fact_logistic_orders,city.city_name,STRING,,,NESTED_FIELD
peya-bi-tools-pro,il_logistics,fact_logistic_orders,city.order_value_limit,FLOAT64,,,NESTED_FIELD
peya-bi-tools-pro,il_logistics,fact_logistic_orders,country.country_code,STRING,,,NESTED_FIELD
peya-bi-tools-pro,il_logistics,fact_logistic_orders,country.country_id,INT64,,,NESTED_FIELD
peya-bi-tools-pro,il_logistics,fact_logistic_orders,country.country_iso,STRING,,,NESTED_FIELD
peya-bi-tools-pro,il_logistics,fact_logistic_orders,country.country_name,STRING,,,NESTED_FIELD
peya-bi-tools-pro,il_logistics,fact_logistic_orders,country.country_name_dh,STRING,,,NESTED_FIELD
peya-bi-tools-pro,il_logistics,fact_logistic_orders,customer.location,STRING,,,NESTED_FIELD
peya-bi-tools-pro,il_logistics,fact_logistic_orders,deliveries.accepted,STRING,,,NESTED_FIELD
peya-bi-tools-pro,il_logistics,fact_logistic_orders,deliveries.auto_transition,"STRUCT<pickup BOOL, dropoff BOOL>",,,NESTED_FIELD
peya-bi-tools-pro,il_logistics,fact_logistic_orders,deliveries.auto_transition.dropoff,BOOL,,,NESTED_FIELD
peya-bi-tools-pro,il_logistics,fact_logistic_orders,deliveries.auto_transition.pickup,BOOL,,,NESTED_FIELD
peya-bi-tools-pro,il_logistics,fact_logistic_orders,deliveries.city_id,INT64,,,NESTED_FIELD
peya-bi-tools-pro,il_logistics,fact_logistic_orders,deliveries.created_at,TIMESTAMP,,,NESTED_FIELD
peya-bi-tools-pro,il_logistics,fact_logistic_orders,deliveries.created_at_local,DATETIME,,,NESTED_FIELD
peya-bi-tools-pro,il_logistics,fact_logistic_orders,deliveries.delivery_cancelled,INT64,,,NESTED_FIELD
peya-bi-tools-pro,il_logistics,fact_logistic_orders,deliveries.delivery_completed,INT64,,,NESTED_FIELD
peya-bi-tools-pro,il_logistics,fact_logistic_orders,deliveries.delivery_distance,INT64,,,NESTED_FIELD
peya-bi-tools-pro,il_logistics,fact_logistic_orders,deliveries.delivery_id,INT64,,,NESTED_FIELD
peya-bi-tools-pro,il_logistics,fact_logistic_orders,deliveries.delivery_reason,STRING,,,NESTED_FIELD
peya-bi-tools-pro,il_logistics,fact_logistic_orders,deliveries.delivery_sk,STRING,,,NESTED_FIELD
peya-bi-tools-pro,il_logistics,fact_logistic_orders,deliveries.delivery_status,STRING,,,NESTED_FIELD
peya-bi-tools-pro,il_logistics,fact_logistic_orders,deliveries.dropoff,STRING,,,NESTED_FIELD
peya-bi-tools-pro,il_logistics,fact_logistic_orders,deliveries.dropoff_distance_dte,FLOAT64,,,NESTED_FIELD
peya-bi-tools-pro,il_logistics,fact_logistic_orders,deliveries.dropoff_distance_google,FLOAT64,,,NESTED_FIELD
peya-bi-tools-pro,il_logistics,fact_logistic_orders,deliveries.dropoff_distance_manhattan,FLOAT64,,,NESTED_FIELD
peya-bi-tools-pro,il_logistics,fact_logistic_orders,deliveries.estimated_distance_and_time_dte,"ARRAY<STRUCT<vehicle_type STRING, time FLOAT64, distance FLOAT64>>",,,NESTED_FIELD
peya-bi-tools-pro,il_logistics,fact_logistic_orders,deliveries.estimated_distance_and_time_dte.distance,FLOAT64,,,NESTED_FIELD
peya-bi-tools-pro,il_logistics,fact_logistic_orders,deliveries.estimated_distance_and_time_dte.time,FLOAT64,,,NESTED_FIELD
peya-bi-tools-pro,il_logistics,fact_logistic_orders,deliveries.estimated_distance_and_time_dte.vehicle_type,STRING,,,NESTED_FIELD
peya-bi-tools-pro,il_logistics,fact_logistic_orders,deliveries.inferred_shifts,"ARRAY<STRUCT<shift_sk STRING, shift_id INT64, shift_start_at TIMESTAMP, shift_start_at_local DATETIME, shift_end_at TIMESTAMP, shift_end_at_local DATETIME>>",,,NESTED_FIELD
peya-bi-tools-pro,il_logistics,fact_logistic_orders,deliveries.inferred_shifts.shift_end_at,TIMESTAMP,,,NESTED_FIELD
peya-bi-tools-pro,il_logistics,fact_logistic_orders,deliveries.inferred_shifts.shift_end_at_local,DATETIME,,,NESTED_FIELD
peya-bi-tools-pro,il_logistics,fact_logistic_orders,deliveries.inferred_shifts.shift_id,INT64,,,NESTED_FIELD
peya-bi-tools-pro,il_logistics,fact_logistic_orders,deliveries.inferred_shifts.shift_sk,STRING,,,NESTED_FIELD
peya-bi-tools-pro,il_logistics,fact_logistic_orders,deliveries.inferred_shifts.shift_start_at,TIMESTAMP,,,NESTED_FIELD
peya-bi-tools-pro,il_logistics,fact_logistic_orders,deliveries.inferred_shifts.shift_start_at_local,DATETIME,,,NESTED_FIELD
peya-bi-tools-pro,il_logistics,fact_logistic_orders,deliveries.is_primary,BOOL,,,NESTED_FIELD
peya-bi-tools-pro,il_logistics,fact_logistic_orders,deliveries.is_redelivery,BOOL,,,NESTED_FIELD
peya-bi-tools-pro,il_logistics,fact_logistic_orders,deliveries.is_returning,BOOL,,,NESTED_FIELD
peya-bi-tools-pro,il_logistics,fact_logistic_orders,deliveries.is_stacked,BOOL,,,NESTED_FIELD
peya-bi-tools-pro,il_logistics,fact_logistic_orders,deliveries.is_stacked_intravendor,BOOL,,,NESTED_FIELD
peya-bi-tools-pro,il_logistics,fact_logistic_orders,deliveries.pickup,STRING,,,NESTED_FIELD
peya-bi-tools-pro,il_logistics,fact_logistic_orders,deliveries.pickup_distance_dte,FLOAT64,,,NESTED_FIELD
peya-bi-tools-pro,il_logistics,fact_logistic_orders,deliveries.pickup_distance_google,FLOAT64,,,NESTED_FIELD
peya-bi-tools-pro,il_logistics,fact_logistic_orders,deliveries.pickup_distance_manhattan,FLOAT64,,,NESTED_FIELD
peya-bi-tools-pro,il_logistics,fact_logistic_orders,deliveries.rider_accepted_at,TIMESTAMP,,,NESTED_FIELD
peya-bi-tools-pro,il_logistics,fact_logistic_orders,deliveries.rider_accepted_at_local,DATETIME,,,NESTED_FIELD
peya-bi-tools-pro,il_logistics,fact_logistic_orders,deliveries.rider_dispatched_at,TIMESTAMP,,,NESTED_FIELD
peya-bi-tools-pro,il_logistics,fact_logistic_orders,deliveries.rider_dispatched_at_local,DATETIME,,,NESTED_FIELD
peya-bi-tools-pro,il_logistics,fact_logistic_orders,deliveries.rider_dropped_off_at,TIMESTAMP,,,NESTED_FIELD
peya-bi-tools-pro,il_logistics,fact_logistic_orders,deliveries.rider_dropped_off_at_local,DATETIME,,,NESTED_FIELD
peya-bi-tools-pro,il_logistics,fact_logistic_orders,deliveries.rider_id,INT64,,,NESTED_FIELD
peya-bi-tools-pro,il_logistics,fact_logistic_orders,deliveries.rider_near_customer_at,TIMESTAMP,,,NESTED_FIELD
peya-bi-tools-pro,il_logistics,fact_logistic_orders,deliveries.rider_near_customer_at_local,DATETIME,,,NESTED_FIELD
peya-bi-tools-pro,il_logistics,fact_logistic_orders,deliveries.rider_near_restaurant_at,TIMESTAMP,,,NESTED_FIELD
peya-bi-tools-pro,il_logistics,fact_logistic_orders,deliveries.rider_near_restaurant_at_local,DATETIME,,,NESTED_FIELD
peya-bi-tools-pro,il_logistics,fact_logistic_orders,deliveries.rider_notified_at,TIMESTAMP,,,NESTED_FIELD
peya-bi-tools-pro,il_logistics,fact_logistic_orders,deliveries.rider_notified_at_local,DATETIME,,,NESTED_FIELD
peya-bi-tools-pro,il_logistics,fact_logistic_orders,deliveries.rider_picked_up_at,TIMESTAMP,,,NESTED_FIELD
peya-bi-tools-pro,il_logistics,fact_logistic_orders,deliveries.rider_picked_up_at_local,DATETIME,,,NESTED_FIELD
peya-bi-tools-pro,il_logistics,fact_logistic_orders,deliveries.rider_starting_point_id,INT64,,,NESTED_FIELD
peya-bi-tools-pro,il_logistics,fact_logistic_orders,deliveries.stacked_deliveries,INT64,,,NESTED_FIELD
peya-bi-tools-pro,il_logistics,fact_logistic_orders,deliveries.stacked_deliveries_details,ARRAY<STRUCT<delivery_id INT64>>,,,NESTED_FIELD
peya-bi-tools-pro,il_logistics,fact_logistic_orders,deliveries.stacked_deliveries_details.delivery_id,INT64,,,NESTED_FIELD
peya-bi-tools-pro,il_logistics,fact_logistic_orders,deliveries.timezone,STRING,,,NESTED_FIELD
peya-bi-tools-pro,il_logistics,fact_logistic_orders,deliveries.timings,"STRUCT<dispatching_time INT64, rider_reaction_time INT64, rider_accepting_time INT64, to_vendor_time INT64, vendor_arriving_time INT64, vendor_leaving_time INT64, rider_late INT64, vendor_late INT64, assumed_actual_preparation_time INT64, bag_time INT64, at_vendor_time INT64, at_vendor_time_cleaned INT64, to_customer_time INT64, customer_walk_in_time INT64, at_customer_time INT64, customer_walk_out_time INT64, actual_delivery_time INT64, delivery_delay INT64>",,,NESTED_FIELD
peya-bi-tools-pro,il_logistics,fact_logistic_orders,deliveries.timings.actual_delivery_time,INT64,,,NESTED_FIELD
peya-bi-tools-pro,il_logistics,fact_logistic_orders,deliveries.timings.assumed_actual_preparation_time,INT64,,,NESTED_FIELD
peya-bi-tools-pro,il_logistics,fact_logistic_orders,deliveries.timings.at_customer_time,INT64,,,NESTED_FIELD
peya-bi-tools-pro,il_logistics,fact_logistic_orders,deliveries.timings.at_vendor_time,INT64,,,NESTED_FIELD
peya-bi-tools-pro,il_logistics,fact_logistic_orders,deliveries.timings.at_vendor_time_cleaned,INT64,,,NESTED_FIELD
peya-bi-tools-pro,il_logistics,fact_logistic_orders,deliveries.timings.bag_time,INT64,,,NESTED_FIELD
peya-bi-tools-pro,il_logistics,fact_logistic_orders,deliveries.timings.customer_walk_in_time,INT64,,,NESTED_FIELD
peya-bi-tools-pro,il_logistics,fact_logistic_orders,deliveries.timings.customer_walk_out_time,INT64,,,NESTED_FIELD
peya-bi-tools-pro,il_logistics,fact_logistic_orders,deliveries.timings.delivery_delay,INT64,,,NESTED_FIELD
peya-bi-tools-pro,il_logistics,fact_logistic_orders,deliveries.timings.dispatching_time,INT64,,,NESTED_FIELD
peya-bi-tools-pro,il_logistics,fact_logistic_orders,deliveries.timings.rider_accepting_time,INT64,,,NESTED_FIELD
peya-bi-tools-pro,il_logistics,fact_logistic_orders,deliveries.timings.rider_late,INT64,,,NESTED_FIELD
peya-bi-tools-pro,il_logistics,fact_logistic_orders,deliveries.timings.rider_reaction_time,INT64,,,NESTED_FIELD
peya-bi-tools-pro,il_logistics,fact_logistic_orders,deliveries.timings.to_customer_time,INT64,,,NESTED_FIELD
peya-bi-tools-pro,il_logistics,fact_logistic_orders,deliveries.timings.to_vendor_time,INT64,,,NESTED_FIELD
peya-bi-tools-pro,il_logistics,fact_logistic_orders,deliveries.timings.vendor_arriving_time,INT64,,,NESTED_FIELD
peya-bi-tools-pro,il_logistics,fact_logistic_orders,deliveries.timings.vendor_late,INT64,,,NESTED_FIELD
peya-bi-tools-pro,il_logistics,fact_logistic_orders,deliveries.timings.vendor_leaving_time,INT64,,,NESTED_FIELD
peya-bi-tools-pro,il_logistics,fact_logistic_orders,deliveries.transitions,"ARRAY<STRUCT<transition_sk STRING, state STRING, rider_id INT64, auto_transition BOOL, created_at TIMESTAMP, GEOGRAPHY STRING, rider_starting_point_id INT64, actions STRUCT<user_id INT64, performed_by STRING, reason STRING, issue_type STRING, comment STRING>, dispatch_type STRING, undispatch_type STRING, event_type STRING, update_reason STRING, estimated_pickup_arrival_at TIMESTAMP, estimated_dropoff_arrival_at TIMESTAMP, latest BOOL, first BOOL, created_at_local DATETIME, estimated_pickup_arrival_at_local DATETIME, estimated_dropoff_arrival_at_local DATETIME, transition_notified INT64, transition_accepted INT64>>",,,NESTED_FIELD
peya-bi-tools-pro,il_logistics,fact_logistic_orders,deliveries.transitions.GEOGRAPHY,STRING,,,NESTED_FIELD
peya-bi-tools-pro,il_logistics,fact_logistic_orders,deliveries.transitions.actions,"STRUCT<user_id INT64, performed_by STRING, reason STRING, issue_type STRING, comment STRING>",,,NESTED_FIELD
peya-bi-tools-pro,il_logistics,fact_logistic_orders,deliveries.transitions.actions.comment,STRING,,,NESTED_FIELD
peya-bi-tools-pro,il_logistics,fact_logistic_orders,deliveries.transitions.actions.issue_type,STRING,,,NESTED_FIELD
peya-bi-tools-pro,il_logistics,fact_logistic_orders,deliveries.transitions.actions.performed_by,STRING,,,NESTED_FIELD
peya-bi-tools-pro,il_logistics,fact_logistic_orders,deliveries.transitions.actions.reason,STRING,,,NESTED_FIELD
peya-bi-tools-pro,il_logistics,fact_logistic_orders,deliveries.transitions.actions.user_id,INT64,,,NESTED_FIELD
peya-bi-tools-pro,il_logistics,fact_logistic_orders,deliveries.transitions.auto_transition,BOOL,,,NESTED_FIELD
peya-bi-tools-pro,il_logistics,fact_logistic_orders,deliveries.transitions.created_at,TIMESTAMP,,,NESTED_FIELD
peya-bi-tools-pro,il_logistics,fact_logistic_orders,deliveries.transitions.created_at_local,DATETIME,,,NESTED_FIELD
peya-bi-tools-pro,il_logistics,fact_logistic_orders,deliveries.transitions.dispatch_type,STRING,,,NESTED_FIELD
peya-bi-tools-pro,il_logistics,fact_logistic_orders,deliveries.transitions.estimated_dropoff_arrival_at,TIMESTAMP,,,NESTED_FIELD
peya-bi-tools-pro,il_logistics,fact_logistic_orders,deliveries.transitions.estimated_dropoff_arrival_at_local,DATETIME,,,NESTED_FIELD
peya-bi-tools-pro,il_logistics,fact_logistic_orders,deliveries.transitions.estimated_pickup_arrival_at,TIMESTAMP,,,NESTED_FIELD
peya-bi-tools-pro,il_logistics,fact_logistic_orders,deliveries.transitions.estimated_pickup_arrival_at_local,DATETIME,,,NESTED_FIELD
peya-bi-tools-pro,il_logistics,fact_logistic_orders,deliveries.transitions.event_type,STRING,,,NESTED_FIELD
peya-bi-tools-pro,il_logistics,fact_logistic_orders,deliveries.transitions.first,BOOL,,,NESTED_FIELD
peya-bi-tools-pro,il_logistics,fact_logistic_orders,deliveries.transitions.latest,BOOL,,,NESTED_FIELD
peya-bi-tools-pro,il_logistics,fact_logistic_orders,deliveries.transitions.rider_id,INT64,,,NESTED_FIELD
peya-bi-tools-pro,il_logistics,fact_logistic_orders,deliveries.transitions.rider_starting_point_id,INT64,,,NESTED_FIELD
peya-bi-tools-pro,il_logistics,fact_logistic_orders,deliveries.transitions.state,STRING,,,NESTED_FIELD
peya-bi-tools-pro,il_logistics,fact_logistic_orders,deliveries.transitions.transition_accepted,INT64,,,NESTED_FIELD
peya-bi-tools-pro,il_logistics,fact_logistic_orders,deliveries.transitions.transition_notified,INT64,,,NESTED_FIELD
peya-bi-tools-pro,il_logistics,fact_logistic_orders,deliveries.transitions.transition_sk,STRING,,,NESTED_FIELD
peya-bi-tools-pro,il_logistics,fact_logistic_orders,deliveries.transitions.undispatch_type,STRING,,,NESTED_FIELD
peya-bi-tools-pro,il_logistics,fact_logistic_orders,deliveries.transitions.update_reason,STRING,,,NESTED_FIELD
peya-bi-tools-pro,il_logistics,fact_logistic_orders,deliveries.vehicle,"STRUCT<id INT64, name STRING, profile STRING, vehicle_bag STRING, bag_name STRING>",,,NESTED_FIELD
peya-bi-tools-pro,il_logistics,fact_logistic_orders,deliveries.vehicle.bag_name,STRING,,,NESTED_FIELD
peya-bi-tools-pro,il_logistics,fact_logistic_orders,deliveries.vehicle.id,INT64,,,NESTED_FIELD
peya-bi-tools-pro,il_logistics,fact_logistic_orders,deliveries.vehicle.name,STRING,,,NESTED_FIELD
peya-bi-tools-pro,il_logistics,fact_logistic_orders,deliveries.vehicle.profile,STRING,,,NESTED_FIELD
peya-bi-tools-pro,il_logistics,fact_logistic_orders,deliveries.vehicle.vehicle_bag,STRING,,,NESTED_FIELD
peya-bi-tools-pro,il_logistics,fact_logistic_orders,entity.brand_id,STRING,,,NESTED_FIELD
peya-bi-tools-pro,il_logistics,fact_logistic_orders,entity.display_name,STRING,,,NESTED_FIELD
peya-bi-tools-pro,il_logistics,fact_logistic_orders,entity.id,STRING,,,NESTED_FIELD
peya-bi-tools-pro,il_logistics,fact_logistic_orders,porygon.active_vehicle_profile,STRING,,,NESTED_FIELD
peya-bi-tools-pro,il_logistics,fact_logistic_orders,porygon.drive_time_value,INT64,,,NESTED_FIELD
peya-bi-tools-pro,il_logistics,fact_logistic_orders,porygon.vehicle_profile,STRING,,,NESTED_FIELD
peya-bi-tools-pro,il_logistics,fact_logistic_orders,timings.actual_delivery_time,INT64,,,NESTED_FIELD
peya-bi-tools-pro,il_logistics,fact_logistic_orders,timings.assumed_actual_preparation_time,INT64,,,NESTED_FIELD
peya-bi-tools-pro,il_logistics,fact_logistic_orders,timings.at_customer_time,INT64,,,NESTED_FIELD
peya-bi-tools-pro,il_logistics,fact_logistic_orders,timings.at_vendor_time,INT64,,,NESTED_FIELD
peya-bi-tools-pro,il_logistics,fact_logistic_orders,timings.at_vendor_time_cleaned,INT64,,,NESTED_FIELD
peya-bi-tools-pro,il_logistics,fact_logistic_orders,timings.avoidable_wait_time,INT64,,,NESTED_FIELD
peya-bi-tools-pro,il_logistics,fact_logistic_orders,timings.bag_time,INT64,,,NESTED_FIELD
peya-bi-tools-pro,il_logistics,fact_logistic_orders,timings.customer_walk_in_time,INT64,,,NESTED_FIELD
peya-bi-tools-pro,il_logistics,fact_logistic_orders,timings.customer_walk_out_time,INT64,,,NESTED_FIELD
peya-bi-tools-pro,il_logistics,fact_logistic_orders,timings.dispatching_time,INT64,,,NESTED_FIELD
peya-bi-tools-pro,il_logistics,fact_logistic_orders,timings.estimated_arriving_duration,FLOAT64,,,NESTED_FIELD
peya-bi-tools-pro,il_logistics,fact_logistic_orders,timings.estimated_courier_delay,INT64,,,NESTED_FIELD
peya-bi-tools-pro,il_logistics,fact_logistic_orders,timings.estimated_delivery_duration_buffer,INT64,,,NESTED_FIELD
peya-bi-tools-pro,il_logistics,fact_logistic_orders,timings.estimated_driving_time,INT64,,,NESTED_FIELD
peya-bi-tools-pro,il_logistics,fact_logistic_orders,timings.estimated_drop_off_duration,FLOAT64,,,NESTED_FIELD
peya-bi-tools-pro,il_logistics,fact_logistic_orders,timings.estimated_leaving_duration,FLOAT64,,,NESTED_FIELD
peya-bi-tools-pro,il_logistics,fact_logistic_orders,timings.estimated_walk_in_duration,FLOAT64,,,NESTED_FIELD
peya-bi-tools-pro,il_logistics,fact_logistic_orders,timings.estimated_walk_out_duration,FLOAT64,,,NESTED_FIELD
peya-bi-tools-pro,il_logistics,fact_logistic_orders,timings.expected_vendor_walk_in_time,INT64,,,NESTED_FIELD
peya-bi-tools-pro,il_logistics,fact_logistic_orders,timings.expected_vendor_walk_out_time,INT64,,,NESTED_FIELD
peya-bi-tools-pro,il_logistics,fact_logistic_orders,timings.hold_back_time,INT64,,,NESTED_FIELD
peya-bi-tools-pro,il_logistics,fact_logistic_orders,timings.order_delay,INT64,,,NESTED_FIELD
peya-bi-tools-pro,il_logistics,fact_logistic_orders,timings.promised_delivery_time,INT64,,,NESTED_FIELD
peya-bi-tools-pro,il_logistics,fact_logistic_orders,timings.rider_accepting_time,INT64,,,NESTED_FIELD
peya-bi-tools-pro,il_logistics,fact_logistic_orders,timings.rider_late,INT64,,,NESTED_FIELD
peya-bi-tools-pro,il_logistics,fact_logistic_orders,timings.rider_reaction_time,INT64,,,NESTED_FIELD
peya-bi-tools-pro,il_logistics,fact_logistic_orders,timings.to_customer_time,INT64,,,NESTED_FIELD
peya-bi-tools-pro,il_logistics,fact_logistic_orders,timings.to_vendor_time,INT64,,,NESTED_FIELD
peya-bi-tools-pro,il_logistics,fact_logistic_orders,timings.updated_prep_time,INT64,,,NESTED_FIELD
peya-bi-tools-pro,il_logistics,fact_logistic_orders,timings.vendor_arriving_time,INT64,,,NESTED_FIELD
peya-bi-tools-pro,il_logistics,fact_logistic_orders,timings.vendor_late,INT64,,,NESTED_FIELD
peya-bi-tools-pro,il_logistics,fact_logistic_orders,timings.vendor_leaving_time,INT64,,,NESTED_FIELD
peya-bi-tools-pro,il_logistics,fact_logistic_orders,timings.vendor_reaction_time,INT64,,,NESTED_FIELD
peya-bi-tools-pro,il_logistics,fact_logistic_orders,timings.zone_stats,STRUCT<mean_delay FLOAT64>,,,NESTED_FIELD
peya-bi-tools-pro,il_logistics,fact_logistic_orders,timings.zone_stats.mean_delay,FLOAT64,,,NESTED_FIELD
peya-bi-tools-pro,il_logistics,fact_logistic_orders,vendor.id,INT64,,,NESTED_FIELD
peya-bi-tools-pro,il_logistics,fact_logistic_orders,vendor.location,GEOGRAPHY,,,NESTED_FIELD
peya-bi-tools-pro,il_logistics,fact_logistic_orders,vendor.name,STRING,,,NESTED_FIELD
peya-bi-tools-pro,il_logistics,fact_logistic_orders,vendor.vendor_code,STRING,,,NESTED_FIELD
peya-bi-tools-pro,il_logistics,fact_logistic_orders,vendor.vertical_type,STRING,,,NESTED_FIELD
peya-bi-tools-pro,il_logistics,fact_logistic_orders,vendor.walk_in_time,INT64,,,NESTED_FIELD
peya-bi-tools-pro,il_logistics,fact_logistic_orders,vendor.walk_out_time,INT64,,,NESTED_FIELD
peya-bi-tools-pro,il_logistics,fact_logistic_orders,zone.area,FLOAT64,,,NESTED_FIELD
peya-bi-tools-pro,il_logistics,fact_logistic_orders,zone.created_at,TIMESTAMP,,,NESTED_FIELD
peya-bi-tools-pro,il_logistics,fact_logistic_orders,zone.delivery_types,ARRAY<STRING>,,,NESTED_FIELD
peya-bi-tools-pro,il_logistics,fact_logistic_orders,zone.distance_cap,INT64,,,NESTED_FIELD
peya-bi-tools-pro,il_logistics,fact_logistic_orders,zone.embedding_zone_ids,ARRAY<INT64>,,,NESTED_FIELD
peya-bi-tools-pro,il_logistics,fact_logistic_orders,zone.geo_id,STRING,,,NESTED_FIELD
peya-bi-tools-pro,il_logistics,fact_logistic_orders,zone.has_default_delivery_area_settings,BOOL,,,NESTED_FIELD
peya-bi-tools-pro,il_logistics,fact_logistic_orders,zone.is_active,BOOL,,,NESTED_FIELD
peya-bi-tools-pro,il_logistics,fact_logistic_orders,zone.is_embedded,BOOL,,,NESTED_FIELD
peya-bi-tools-pro,il_logistics,fact_logistic_orders,zone.shape,GEOGRAPHY,,,NESTED_FIELD
peya-bi-tools-pro,il_logistics,fact_logistic_orders,zone.updated_at,TIMESTAMP,,,NESTED_FIELD
peya-bi-tools-pro,il_logistics,fact_logistic_orders,zone.vehicle_types,ARRAY<STRING>,,,NESTED_FIELD
peya-bi-tools-pro,il_logistics,fact_logistic_orders,zone.zone_id,INT64,,,NESTED_FIELD
peya-bi-tools-pro,il_logistics,fact_logistic_orders,zone.zone_name,STRING,,,NESTED_FIELD
peya-chile,automated_tables_reports,timings_awt,created_date_local,DATE,1,YES,TOP_LEVEL
peya-chile,automated_tables_reports,timings_awt,month,DATE,2,YES,TOP_LEVEL
peya-chile,automated_tables_reports,timings_awt,week,DATE,3,YES,TOP_LEVEL
peya-chile,automated_tables_reports,timings_awt,dayofweek,STRING,4,YES,TOP_LEVEL
peya-chile,automated_tables_reports,timings_awt,hour,INT64,5,YES,TOP_LEVEL
peya-chile,automated_tables_reports,timings_awt,vendor_code,STRING,6,YES,TOP_LEVEL
peya-chile,automated_tables_reports,timings_awt,vendor_name,STRING,7,YES,TOP_LEVEL
peya-chile,automated_tables_reports,timings_awt,franchise_name,STRING,8,YES,TOP_LEVEL
peya-chile,automated_tables_reports,timings_awt,vertical_type,STRING,9,YES,TOP_LEVEL
peya-chile,automated_tables_reports,timings_awt,city_name,STRING,10,YES,TOP_LEVEL
peya-chile,automated_tables_reports,timings_awt,reception_system,STRING,11,YES,TOP_LEVEL
peya-chile,automated_tables_reports,timings_awt,client_name,STRING,12,YES,TOP_LEVEL
peya-chile,automated_tables_reports,timings_awt,latest_vendor_grade,STRING,13,YES,TOP_LEVEL
peya-chile,automated_tables_reports,timings_awt,minutes_added,INT64,14,YES,TOP_LEVEL
peya-chile,automated_tables_reports,timings_awt,main_cuisine,STRING,15,YES,TOP_LEVEL
peya-chile,automated_tables_reports,timings_awt,awt_rounded,FLOAT64,16,YES,TOP_LEVEL
peya-chile,automated_tables_reports,timings_awt,total_orders,INT64,17,YES,TOP_LEVEL
peya-chile,automated_tables_reports,timings_awt,base_awt,INT64,18,YES,TOP_LEVEL
peya-chile,automated_tables_reports,timings_awt,sum_awt,FLOAT64,19,YES,TOP_LEVEL
peya-chile,automated_tables_reports,timings_awt,sum_ept,FLOAT64,20,YES,TOP_LEVEL
peya-chile,automated_tables_reports,timings_awt,base_fir,INT64,21,YES,TOP_LEVEL
peya-chile,automated_tables_reports,timings_awt,sum_fir,FLOAT64,22,YES,TOP_LEVEL
peya-chile,automated_tables_reports,timings_awt,sum_hdm_minutes,INT64,23,YES,TOP_LEVEL
peya-chile,automated_tables_reports,timings_awt,base_hdm,INT64,24,YES,TOP_LEVEL
peya-chile,automated_tables_reports,timings_awt,sum_hdm_triggers,INT64,25,YES,TOP_LEVEL
peya-chile,automated_tables_reports,timings_awt,base_hdm_triggers,INT64,26,YES,TOP_LEVEL
peya-chile,automated_tables_reports,timings_awt,confirmed,INT64,27,YES,TOP_LEVEL
peya-chile,automated_tables_reports,timings_awt,sum_slow,INT64,28,YES,TOP_LEVEL
peya-chile,automated_tables_reports,timings_awt,base_seamless,INT64,29,YES,TOP_LEVEL
peya-chile,automated_tables_reports,timings_awt,couriers_notified,INT64,30,YES,TOP_LEVEL
peya-chile,automated_tables_reports,timings_awt,total_manual_undispatch,INT64,31,YES,TOP_LEVEL
peya-chile,automated_tables_reports,timings_awt,reason_latepreparation,INT64,32,YES,TOP_LEVEL
peya-chile,automated_tables_reports,timings_awt,sum_dt,FLOAT64,33,YES,TOP_LEVEL
peya-chile,automated_tables_reports,timings_awt,base_dt,INT64,34,YES,TOP_LEVEL
peya-chile,automated_tables_reports,timings_awt,sum_order_to_pu,FLOAT64,35,YES,TOP_LEVEL
peya-chile,automated_tables_reports,timings_awt,base_order_to_pu,INT64,36,YES,TOP_LEVEL
peya-chile,automated_tables_reports,timings_awt,partner_perfo,FLOAT64,37,YES,TOP_LEVEL
peya-chile,automated_tables_reports,timings_awt,high_preptime,FLOAT64,38,YES,TOP_LEVEL
peya-chile,automated_tables_reports,timings_awt,awt_10_impact,FLOAT64,39,YES,TOP_LEVEL
peya-chile,automated_tables_reports,timings_awt,late_prep_impact,FLOAT64,40,YES,TOP_LEVEL
peya-chile,automated_tables_reports,timings_awt,seamless_orders,INT64,41,YES,TOP_LEVEL
peya-chile,automated_tables_reports,vendor_ept_fir_weekly,week_1_start,DATE,1,YES,TOP_LEVEL
peya-chile,automated_tables_reports,vendor_ept_fir_weekly,week_1_end,DATE,2,YES,TOP_LEVEL
peya-chile,automated_tables_reports,vendor_ept_fir_weekly,week_8_start,DATE,3,YES,TOP_LEVEL
peya-chile,automated_tables_reports,vendor_ept_fir_weekly,week_8_end,DATE,4,YES,TOP_LEVEL
peya-chile,automated_tables_reports,vendor_ept_fir_weekly,vendor_code,STRING,5,YES,TOP_LEVEL
peya-chile,automated_tables_reports,vendor_ept_fir_weekly,vendor_name,STRING,6,YES,TOP_LEVEL
peya-chile,automated_tables_reports,vendor_ept_fir_weekly,franchise_name,STRING,7,YES,TOP_LEVEL
peya-chile,automated_tables_reports,vendor_ept_fir_weekly,grade,STRING,8,YES,TOP_LEVEL
peya-chile,automated_tables_reports,vendor_ept_fir_weekly,vertical_type,STRING,9,YES,TOP_LEVEL
peya-chile,automated_tables_reports,vendor_ept_fir_weekly,main_cuisine,STRING,10,YES,TOP_LEVEL
peya-chile,automated_tables_reports,vendor_ept_fir_weekly,city,STRING,11,YES,TOP_LEVEL
peya-chile,automated_tables_reports,vendor_ept_fir_weekly,ept_without_hdm_1w,FLOAT64,12,YES,TOP_LEVEL
peya-chile,automated_tables_reports,vendor_ept_fir_weekly,ept_without_hdm_8w,FLOAT64,13,YES,TOP_LEVEL
peya-chile,automated_tables_reports,vendor_ept_fir_weekly,ept_diff_1w_vs_8w,FLOAT64,14,YES,TOP_LEVEL
peya-chile,automated_tables_reports,vendor_ept_fir_weekly,ept_diff_pct_1w_vs_8w,FLOAT64,15,YES,TOP_LEVEL
peya-chile,automated_tables_reports,vendor_ept_fir_weekly,fir_1w,FLOAT64,16,YES,TOP_LEVEL
peya-chile,automated_tables_reports,vendor_ept_fir_weekly,fir_share_1w_pct,FLOAT64,17,YES,TOP_LEVEL
peya-chile,automated_tables_reports,vendor_ept_fir_weekly,ept_minus_fir_1w,FLOAT64,18,YES,TOP_LEVEL
peya-chile,automated_tables_reports,vendor_ept_fir_weekly,ept_minus_fir_1w_pct,FLOAT64,19,YES,TOP_LEVEL
peya-chile,automated_tables_reports,vendor_ept_fir_weekly,franchise_median_vendor_code,STRING,20,YES,TOP_LEVEL
peya-chile,automated_tables_reports,vendor_ept_fir_weekly,franchise_median_vendor_name,STRING,21,YES,TOP_LEVEL
peya-chile,automated_tables_reports,vendor_ept_fir_weekly,franchise_median_vendor_ept_1w,FLOAT64,22,YES,TOP_LEVEL
peya-chile,automated_tables_reports,vendor_ept_fir_weekly,orders_1w,INT64,23,YES,TOP_LEVEL
peya-chile,automated_tables_reports,vendor_ept_fir_weekly,orders_8w,INT64,24,YES,TOP_LEVEL
peya-chile,automated_tables_reports,vendor_ept_fir_weekly,orders_with_fir_1w,INT64,25,YES,TOP_LEVEL
peya-chile,automated_tables_reports,vendor_ept_fir_weekly,awt_1w,FLOAT64,26,YES,TOP_LEVEL
peya-chile,automated_tables_reports,vendor_ept_fir_weekly,awt_8w,FLOAT64,27,YES,TOP_LEVEL
peya-chile,automated_tables_reports,vendor_ept_fir_weekly,franchise_grade_median_vendor_code,STRING,28,YES,TOP_LEVEL
peya-chile,automated_tables_reports,vendor_ept_fir_weekly,franchise_grade_median_vendor_name,STRING,29,YES,TOP_LEVEL
peya-chile,automated_tables_reports,vendor_ept_fir_weekly,franchise_grade_median_vendor_ept_1w,FLOAT64,30,YES,TOP_LEVEL
peya-chile,automated_tables_reports,vendor_ept_fir_weekly,highpreptime_1w_pct,FLOAT64,31,YES,TOP_LEVEL
peya-chile,automated_tables_reports,vendor_ept_fir_weekly,highpreptime_8w_pct,FLOAT64,32,YES,TOP_LEVEL
peya-chile,automated_tables_reports,vendor_ept_fir_weekly,awt10_1w_pct,FLOAT64,33,YES,TOP_LEVEL
peya-chile,automated_tables_reports,vendor_ept_fir_weekly,awt10_8w_pct,FLOAT64,34,YES,TOP_LEVEL
peya-chile,automated_tables_reports,vendor_ept_fir_weekly,awt_null_1w_pct,FLOAT64,35,YES,TOP_LEVEL
peya-chile,automated_tables_reports,vendor_ept_fir_weekly,awt_0min_1w_pct,FLOAT64,36,YES,TOP_LEVEL
peya-chile,automated_tables_reports,vendor_ept_fir_weekly,awt_1_3min_1w_pct,FLOAT64,37,YES,TOP_LEVEL
peya-chile,automated_tables_reports,vendor_ept_fir_weekly,awt_4plus_1w_pct,FLOAT64,38,YES,TOP_LEVEL
peya-chile,automated_tables_reports,vendor_ept_fir_weekly,fir_vertical_cuisine_1w,FLOAT64,39,YES,TOP_LEVEL
peya-chile,automated_tables_reports,vendor_ept_fir_weekly,selected_min_ept,FLOAT64,40,YES,TOP_LEVEL
peya-chile,automated_tables_reports,vendor_ept_fir_weekly,selected_min_flag,STRING,41,YES,TOP_LEVEL
peya-chile,automated_tables_reports,vendor_ept_fir_weekly,ept_minus_franchise_grade_median_1w,FLOAT64,42,YES,TOP_LEVEL
peya-chile,automated_tables_reports,vendor_ept_fir_weekly,awt_reduction_variable,FLOAT64,43,YES,TOP_LEVEL
peya-chile,automated_tables_reports,vendor_ept_fir_weekly,modification_winner,FLOAT64,44,YES,TOP_LEVEL
peya-chile,automated_tables_reports,vendor_ept_fir_weekly,modification_winner_flag,STRING,45,YES,TOP_LEVEL
peya-chile,automated_tables_reports,vendor_ept_fir_weekly,califica_8w,INT64,46,YES,TOP_LEVEL
peya-chile,automated_tables_reports,vendor_ept_fir_weekly,califica_fir,INT64,47,YES,TOP_LEVEL
peya-chile,automated_tables_reports,vendor_ept_fir_weekly,califica_franchise_grade,INT64,48,YES,TOP_LEVEL
peya-chile,automated_tables_reports,vendor_ept_fir_weekly,califica_hpt_vertical_cuisine,INT64,49,YES,TOP_LEVEL
peya-chile,automated_tables_reports,vendor_ept_fir_weekly,califica_awt0,INT64,50,YES,TOP_LEVEL
peya-data-origins-pro,cl_hurrier,vendors,entity_id,STRING,1,YES,TOP_LEVEL
peya-data-origins-pro,cl_hurrier,vendors,vendor_code,STRING,2,YES,TOP_LEVEL
peya-data-origins-pro,cl_hurrier,vendors,name,STRING,3,YES,TOP_LEVEL
peya-data-origins-pro,cl_hurrier,vendors,is_working_hours_check_in_enabled,BOOL,4,YES,TOP_LEVEL
peya-data-origins-pro,cl_hurrier,vendors,is_busy_mode_check_in_enabled,BOOL,5,YES,TOP_LEVEL
peya-data-origins-pro,cl_hurrier,vendors,cuisines,ARRAY<STRING>,6,NO,TOP_LEVEL
peya-data-origins-pro,cl_hurrier,vendors,is_active,BOOL,7,YES,TOP_LEVEL
peya-data-origins-pro,cl_hurrier,vendors,chain,"STRUCT<id STRING, name STRING>",8,YES,TOP_LEVEL
peya-data-origins-pro,cl_hurrier,vendors,tags,ARRAY<STRING>,9,NO,TOP_LEVEL
peya-data-origins-pro,cl_hurrier,vendors,delivery_provider,ARRAY<STRING>,10,NO,TOP_LEVEL
peya-data-origins-pro,cl_hurrier,vendors,vertical_type,STRING,11,YES,TOP_LEVEL
peya-data-origins-pro,cl_hurrier,vendors,customer_types,ARRAY<STRING>,12,NO,TOP_LEVEL
peya-data-origins-pro,cl_hurrier,vendors,characteristics,ARRAY<STRING>,13,NO,TOP_LEVEL
peya-data-origins-pro,cl_hurrier,vendors,vehicle_profile,STRING,14,YES,TOP_LEVEL
peya-data-origins-pro,cl_hurrier,vendors,hurrier,"ARRAY<STRUCT<country_code STRING, id INT64, city STRUCT<id INT64, name STRING>, name STRING, order_value_limit FLOAT64, created_at TIMESTAMP, updated_at TIMESTAMP, last_provided_location GEOGRAPHY, stacking_mode STRING, custom_stacking_value STRING, max_stacked_orders INT64, tags ARRAY<STRING>, is_order_send_immediately BOOL, is_cancelled_order_return_to_vendor BOOL>>",15,NO,TOP_LEVEL
peya-data-origins-pro,cl_hurrier,vendors,vendor,"ARRAY<STRUCT<region STRING, country_iso STRING, is_active BOOL, is_latest BOOL, operator_code STRING, vendor_id STRING, vendor_name STRING, contract_plan STRING, timezone STRING, updated_at TIMESTAMP, client STRUCT<name STRING, pos_integration_flow STRING>, pos STRUCT<integration_code STRING, integration_name STRING, is_pos_integration_active BOOL, chain_name STRING, chain_code STRING>, location STRUCT<h3_level_8_index STRING, h3_level_9_index STRING>, contracts STRUCT<region STRING, country_code STRING, id INT64, operator_code STRING, name STRING, delivery_type STRING, value INT64, deleted BOOL, enabled BOOL>, delivery_type ARRAY<STRING>, is_monitor_enabled BOOL, is_monitor_enabled_history ARRAY<STRUCT<is_monitor_enabled BOOL, updated_at TIMESTAMP, is_latest BOOL>>, is_working_hours_check_in_enabled BOOL, is_busy_mode_check_in_enabled BOOL, history_is_working_hours_check_in_enabled ARRAY<STRUCT<is_working_hours_check_in_enabled BOOL, is_working_hours_check_in_enabled_updated_at TIMESTAMP>>, history_is_busy_mode_check_in_enabled ARRAY<STRUCT<is_busy_mode_check_in_enabled BOOL, is_busy_mode_check_in_enabled_updated_at TIMESTAMP>>, delivery_platform STRING, rps_global_key STRING, address STRUCT<street STRING, building STRING, postal_code STRING, city_name STRING, location GEOGRAPHY>, service STRING, salesforce_grid_id STRING>>",16,NO,TOP_LEVEL
peya-data-origins-pro,cl_hurrier,vendors,location,GEOGRAPHY,17,YES,TOP_LEVEL
peya-data-origins-pro,cl_hurrier,vendors,last_provided_location,GEOGRAPHY,18,YES,TOP_LEVEL
peya-data-origins-pro,cl_hurrier,vendors,location_history,ARRAY<GEOGRAPHY>,19,NO,TOP_LEVEL
peya-data-origins-pro,cl_hurrier,vendors,delivery_areas,"ARRAY<STRUCT<id STRING, shape_hash INT64, country_code STRING, platform STRING, is_deleted BOOL, history ARRAY<STRUCT<operation_type STRING, shape INT64, transaction_id INT64, end_transaction_id INT64, settings STRUCT<delivery_fee STRUCT<amount FLOAT64, percentage FLOAT64>, delivery_time FLOAT64, municipality_tax FLOAT64, municipality_tax_type STRING, tourist_tax FLOAT64, tourist_tax_type STRING, status STRING, minimum_value FLOAT64>, name STRING, edited_by STRUCT<user_id INT64, email STRING>, drive_time INT64, active_from TIMESTAMP, active_to TIMESTAMP>>, shape GEOGRAPHY>>",20,NO,TOP_LEVEL
peya-data-origins-pro,cl_hurrier,vendors,delivery_areas_location,"ARRAY<STRUCT<country_code STRING, city_name STRING, city_id INT64>>",21,NO,TOP_LEVEL
peya-data-origins-pro,cl_hurrier,vendors,zones,"ARRAY<STRUCT<country_code STRING, id INT64, name STRING>>",22,NO,TOP_LEVEL
peya-data-origins-pro,cl_hurrier,vendors,porygon,"ARRAY<STRUCT<country_code STRING, platform STRING, global_entity_id STRING, name STRING, location GEOGRAPHY, created_at TIMESTAMP, updated_at TIMESTAMP, is_active BOOL, delivery_provider ARRAY<STRING>, vehicle_profile STRING, cuisines ARRAY<STRING>, is_halal BOOL, tags ARRAY<STRING>, vertical_type STRING, customer_types ARRAY<STRING>, characteristics ARRAY<STRING>, polygon_drive_times ARRAY<STRUCT<vehicle_profile STRING, drive_time INT64, shape GEOGRAPHY, shape_id STRING, created_at TIMESTAMP, updated_at TIMESTAMP>>>>",23,NO,TOP_LEVEL
peya-data-origins-pro,cl_hurrier,vendors,dps,"ARRAY<STRUCT<is_active BOOL, is_key_account BOOL, currency STRING, assignment_type STRING, variant STRING, scheme_id INT64, scheme_name STRING, is_scheme_fallback BOOL, vendor_config ARRAY<STRUCT<id INT64, priority NUMERIC, price_scheme_schedule_id INT64, scheme_schedule STRUCT<priority NUMERIC, start_at TIMESTAMP, end_at TIMESTAMP, created_at TIMESTAMP, updated_at TIMESTAMP, active_days ARRAY<STRING>, recurrence STRING, recurrence_end_at TIMESTAMP, is_all_day BOOL, timezone STRING>, customer_condition_id INT64, customer_condition STRUCT<priority NUMERIC, description STRING, created_at TIMESTAMP, updated_at TIMESTAMP>, vendor_config_created_at TIMESTAMP, vendor_config_updated_at TIMESTAMP, pricing_config ARRAY<STRUCT<travel_time_config STRUCT<id INT64, name STRING, is_fallback BOOL, threshold NUMERIC, fee NUMERIC, created_at TIMESTAMP, updated_at TIMESTAMP>, mov_config STRUCT<id INT64, name STRING, is_fallback BOOL, travel_time_threshold NUMERIC, minimum_order_value NUMERIC, created_at TIMESTAMP, updated_at TIMESTAMP>, delay_config STRUCT<id INT64, name STRING, is_fallback BOOL, delay_threshold NUMERIC, travel_time_threshold NUMERIC, fee NUMERIC, created_at TIMESTAMP, updated_at TIMESTAMP>, basket_value_config STRUCT<id INT64, name STRING, is_fallback BOOL, threshold NUMERIC, fee NUMERIC, created_at TIMESTAMP, updated_at TIMESTAMP>, service_fee_config STRUCT<id INT64, name STRING, is_fallback BOOL, type STRING, fee NUMERIC, created_at TIMESTAMP, updated_at TIMESTAMP>>>>>>>",24,NO,TOP_LEVEL
peya-data-origins-pro,cl_hurrier,vendors,time_buckets,"ARRAY<STRUCT<active_from TIMESTAMP, active_to TIMESTAMP, id STRING, day_of_week STRING, time_of_day STRING, state STRING, preparation_time INT64, preparation_buffer INT64, created_by STRING, updated_by STRING>>",25,NO,TOP_LEVEL
peya-data-origins-pro,cl_hurrier,vendors,time_buckets_hourly,"ARRAY<STRUCT<created_at TIMESTAMP, day_of_week STRING, hour_of_day INT64, preparation_time INT64, preparation_buffer INT64, created_by STRING, updated_by STRING, updated_at TIMESTAMP>>",26,NO,TOP_LEVEL
peya-data-origins-pro,cl_hurrier,vendors,prep_time_config,"ARRAY<STRUCT<strategy STRING, updated_at TIMESTAMP>>",27,NO,TOP_LEVEL
peya-data-origins-pro,cl_hurrier,vendors,_ingested_at,TIMESTAMP,28,YES,TOP_LEVEL
peya-data-origins-pro,cl_hurrier,vendors,chain.id,STRING,,,NESTED_FIELD
peya-data-origins-pro,cl_hurrier,vendors,chain.name,STRING,,,NESTED_FIELD
peya-data-origins-pro,cl_hurrier,vendors,delivery_areas.country_code,STRING,,,NESTED_FIELD
peya-data-origins-pro,cl_hurrier,vendors,delivery_areas.history,"ARRAY<STRUCT<operation_type STRING, shape INT64, transaction_id INT64, end_transaction_id INT64, settings STRUCT<delivery_fee STRUCT<amount FLOAT64, percentage FLOAT64>, delivery_time FLOAT64, municipality_tax FLOAT64, municipality_tax_type STRING, tourist_tax FLOAT64, tourist_tax_type STRING, status STRING, minimum_value FLOAT64>, name STRING, edited_by STRUCT<user_id INT64, email STRING>, drive_time INT64, active_from TIMESTAMP, active_to TIMESTAMP>>",,,NESTED_FIELD
peya-data-origins-pro,cl_hurrier,vendors,delivery_areas.history.active_from,TIMESTAMP,,,NESTED_FIELD
peya-data-origins-pro,cl_hurrier,vendors,delivery_areas.history.active_to,TIMESTAMP,,,NESTED_FIELD
peya-data-origins-pro,cl_hurrier,vendors,delivery_areas.history.drive_time,INT64,,,NESTED_FIELD
peya-data-origins-pro,cl_hurrier,vendors,delivery_areas.history.edited_by,"STRUCT<user_id INT64, email STRING>",,,NESTED_FIELD
peya-data-origins-pro,cl_hurrier,vendors,delivery_areas.history.edited_by.email,STRING,,,NESTED_FIELD
peya-data-origins-pro,cl_hurrier,vendors,delivery_areas.history.edited_by.user_id,INT64,,,NESTED_FIELD
peya-data-origins-pro,cl_hurrier,vendors,delivery_areas.history.end_transaction_id,INT64,,,NESTED_FIELD
peya-data-origins-pro,cl_hurrier,vendors,delivery_areas.history.name,STRING,,,NESTED_FIELD
peya-data-origins-pro,cl_hurrier,vendors,delivery_areas.history.operation_type,STRING,,,NESTED_FIELD
peya-data-origins-pro,cl_hurrier,vendors,delivery_areas.history.settings,"STRUCT<delivery_fee STRUCT<amount FLOAT64, percentage FLOAT64>, delivery_time FLOAT64, municipality_tax FLOAT64, municipality_tax_type STRING, tourist_tax FLOAT64, tourist_tax_type STRING, status STRING, minimum_value FLOAT64>",,,NESTED_FIELD
peya-data-origins-pro,cl_hurrier,vendors,delivery_areas.history.settings.delivery_fee,"STRUCT<amount FLOAT64, percentage FLOAT64>",,,NESTED_FIELD
peya-data-origins-pro,cl_hurrier,vendors,delivery_areas.history.settings.delivery_fee.amount,FLOAT64,,,NESTED_FIELD
peya-data-origins-pro,cl_hurrier,vendors,delivery_areas.history.settings.delivery_fee.percentage,FLOAT64,,,NESTED_FIELD
peya-data-origins-pro,cl_hurrier,vendors,delivery_areas.history.settings.delivery_time,FLOAT64,,,NESTED_FIELD
peya-data-origins-pro,cl_hurrier,vendors,delivery_areas.history.settings.minimum_value,FLOAT64,,,NESTED_FIELD
peya-data-origins-pro,cl_hurrier,vendors,delivery_areas.history.settings.municipality_tax,FLOAT64,,,NESTED_FIELD
peya-data-origins-pro,cl_hurrier,vendors,delivery_areas.history.settings.municipality_tax_type,STRING,,,NESTED_FIELD
peya-data-origins-pro,cl_hurrier,vendors,delivery_areas.history.settings.status,STRING,,,NESTED_FIELD
peya-data-origins-pro,cl_hurrier,vendors,delivery_areas.history.settings.tourist_tax,FLOAT64,,,NESTED_FIELD
peya-data-origins-pro,cl_hurrier,vendors,delivery_areas.history.settings.tourist_tax_type,STRING,,,NESTED_FIELD
peya-data-origins-pro,cl_hurrier,vendors,delivery_areas.history.shape,INT64,,,NESTED_FIELD
peya-data-origins-pro,cl_hurrier,vendors,delivery_areas.history.transaction_id,INT64,,,NESTED_FIELD
peya-data-origins-pro,cl_hurrier,vendors,delivery_areas.id,STRING,,,NESTED_FIELD
peya-data-origins-pro,cl_hurrier,vendors,delivery_areas.is_deleted,BOOL,,,NESTED_FIELD
peya-data-origins-pro,cl_hurrier,vendors,delivery_areas.platform,STRING,,,NESTED_FIELD
peya-data-origins-pro,cl_hurrier,vendors,delivery_areas.shape,GEOGRAPHY,,,NESTED_FIELD
peya-data-origins-pro,cl_hurrier,vendors,delivery_areas.shape_hash,INT64,,,NESTED_FIELD
peya-data-origins-pro,cl_hurrier,vendors,delivery_areas_location.city_id,INT64,,,NESTED_FIELD
peya-data-origins-pro,cl_hurrier,vendors,delivery_areas_location.city_name,STRING,,,NESTED_FIELD
peya-data-origins-pro,cl_hurrier,vendors,delivery_areas_location.country_code,STRING,,,NESTED_FIELD
peya-data-origins-pro,cl_hurrier,vendors,dps.assignment_type,STRING,,,NESTED_FIELD
peya-data-origins-pro,cl_hurrier,vendors,dps.currency,STRING,,,NESTED_FIELD
peya-data-origins-pro,cl_hurrier,vendors,dps.is_active,BOOL,,,NESTED_FIELD
peya-data-origins-pro,cl_hurrier,vendors,dps.is_key_account,BOOL,,,NESTED_FIELD
peya-data-origins-pro,cl_hurrier,vendors,dps.is_scheme_fallback,BOOL,,,NESTED_FIELD
peya-data-origins-pro,cl_hurrier,vendors,dps.scheme_id,INT64,,,NESTED_FIELD
peya-data-origins-pro,cl_hurrier,vendors,dps.scheme_name,STRING,,,NESTED_FIELD
peya-data-origins-pro,cl_hurrier,vendors,dps.variant,STRING,,,NESTED_FIELD
peya-data-origins-pro,cl_hurrier,vendors,dps.vendor_config,"ARRAY<STRUCT<id INT64, priority NUMERIC, price_scheme_schedule_id INT64, scheme_schedule STRUCT<priority NUMERIC, start_at TIMESTAMP, end_at TIMESTAMP, created_at TIMESTAMP, updated_at TIMESTAMP, active_days ARRAY<STRING>, recurrence STRING, recurrence_end_at TIMESTAMP, is_all_day BOOL, timezone STRING>, customer_condition_id INT64, customer_condition STRUCT<priority NUMERIC, description STRING, created_at TIMESTAMP, updated_at TIMESTAMP>, vendor_config_created_at TIMESTAMP, vendor_config_updated_at TIMESTAMP, pricing_config ARRAY<STRUCT<travel_time_config STRUCT<id INT64, name STRING, is_fallback BOOL, threshold NUMERIC, fee NUMERIC, created_at TIMESTAMP, updated_at TIMESTAMP>, mov_config STRUCT<id INT64, name STRING, is_fallback BOOL, travel_time_threshold NUMERIC, minimum_order_value NUMERIC, created_at TIMESTAMP, updated_at TIMESTAMP>, delay_config STRUCT<id INT64, name STRING, is_fallback BOOL, delay_threshold NUMERIC, travel_time_threshold NUMERIC, fee NUMERIC, created_at TIMESTAMP, updated_at TIMESTAMP>, basket_value_config STRUCT<id INT64, name STRING, is_fallback BOOL, threshold NUMERIC, fee NUMERIC, created_at TIMESTAMP, updated_at TIMESTAMP>, service_fee_config STRUCT<id INT64, name STRING, is_fallback BOOL, type STRING, fee NUMERIC, created_at TIMESTAMP, updated_at TIMESTAMP>>>>>",,,NESTED_FIELD
peya-data-origins-pro,cl_hurrier,vendors,dps.vendor_config.customer_condition,"STRUCT<priority NUMERIC, description STRING, created_at TIMESTAMP, updated_at TIMESTAMP>",,,NESTED_FIELD
peya-data-origins-pro,cl_hurrier,vendors,dps.vendor_config.customer_condition.created_at,TIMESTAMP,,,NESTED_FIELD
peya-data-origins-pro,cl_hurrier,vendors,dps.vendor_config.customer_condition.description,STRING,,,NESTED_FIELD
peya-data-origins-pro,cl_hurrier,vendors,dps.vendor_config.customer_condition.priority,NUMERIC,,,NESTED_FIELD
peya-data-origins-pro,cl_hurrier,vendors,dps.vendor_config.customer_condition.updated_at,TIMESTAMP,,,NESTED_FIELD
peya-data-origins-pro,cl_hurrier,vendors,dps.vendor_config.customer_condition_id,INT64,,,NESTED_FIELD
peya-data-origins-pro,cl_hurrier,vendors,dps.vendor_config.id,INT64,,,NESTED_FIELD
peya-data-origins-pro,cl_hurrier,vendors,dps.vendor_config.price_scheme_schedule_id,INT64,,,NESTED_FIELD
peya-data-origins-pro,cl_hurrier,vendors,dps.vendor_config.pricing_config,"ARRAY<STRUCT<travel_time_config STRUCT<id INT64, name STRING, is_fallback BOOL, threshold NUMERIC, fee NUMERIC, created_at TIMESTAMP, updated_at TIMESTAMP>, mov_config STRUCT<id INT64, name STRING, is_fallback BOOL, travel_time_threshold NUMERIC, minimum_order_value NUMERIC, created_at TIMESTAMP, updated_at TIMESTAMP>, delay_config STRUCT<id INT64, name STRING, is_fallback BOOL, delay_threshold NUMERIC, travel_time_threshold NUMERIC, fee NUMERIC, created_at TIMESTAMP, updated_at TIMESTAMP>, basket_value_config STRUCT<id INT64, name STRING, is_fallback BOOL, threshold NUMERIC, fee NUMERIC, created_at TIMESTAMP, updated_at TIMESTAMP>, service_fee_config STRUCT<id INT64, name STRING, is_fallback BOOL, type STRING, fee NUMERIC, created_at TIMESTAMP, updated_at TIMESTAMP>>>",,,NESTED_FIELD
peya-data-origins-pro,cl_hurrier,vendors,dps.vendor_config.pricing_config.basket_value_config,"STRUCT<id INT64, name STRING, is_fallback BOOL, threshold NUMERIC, fee NUMERIC, created_at TIMESTAMP, updated_at TIMESTAMP>",,,NESTED_FIELD
peya-data-origins-pro,cl_hurrier,vendors,dps.vendor_config.pricing_config.basket_value_config.created_at,TIMESTAMP,,,NESTED_FIELD
peya-data-origins-pro,cl_hurrier,vendors,dps.vendor_config.pricing_config.basket_value_config.fee,NUMERIC,,,NESTED_FIELD
peya-data-origins-pro,cl_hurrier,vendors,dps.vendor_config.pricing_config.basket_value_config.id,INT64,,,NESTED_FIELD
peya-data-origins-pro,cl_hurrier,vendors,dps.vendor_config.pricing_config.basket_value_config.is_fallback,BOOL,,,NESTED_FIELD
peya-data-origins-pro,cl_hurrier,vendors,dps.vendor_config.pricing_config.basket_value_config.name,STRING,,,NESTED_FIELD
peya-data-origins-pro,cl_hurrier,vendors,dps.vendor_config.pricing_config.basket_value_config.threshold,NUMERIC,,,NESTED_FIELD
peya-data-origins-pro,cl_hurrier,vendors,dps.vendor_config.pricing_config.basket_value_config.updated_at,TIMESTAMP,,,NESTED_FIELD
peya-data-origins-pro,cl_hurrier,vendors,dps.vendor_config.pricing_config.delay_config,"STRUCT<id INT64, name STRING, is_fallback BOOL, delay_threshold NUMERIC, travel_time_threshold NUMERIC, fee NUMERIC, created_at TIMESTAMP, updated_at TIMESTAMP>",,,NESTED_FIELD
peya-data-origins-pro,cl_hurrier,vendors,dps.vendor_config.pricing_config.delay_config.created_at,TIMESTAMP,,,NESTED_FIELD
peya-data-origins-pro,cl_hurrier,vendors,dps.vendor_config.pricing_config.delay_config.delay_threshold,NUMERIC,,,NESTED_FIELD
peya-data-origins-pro,cl_hurrier,vendors,dps.vendor_config.pricing_config.delay_config.fee,NUMERIC,,,NESTED_FIELD
peya-data-origins-pro,cl_hurrier,vendors,dps.vendor_config.pricing_config.delay_config.id,INT64,,,NESTED_FIELD
peya-data-origins-pro,cl_hurrier,vendors,dps.vendor_config.pricing_config.delay_config.is_fallback,BOOL,,,NESTED_FIELD
peya-data-origins-pro,cl_hurrier,vendors,dps.vendor_config.pricing_config.delay_config.name,STRING,,,NESTED_FIELD
peya-data-origins-pro,cl_hurrier,vendors,dps.vendor_config.pricing_config.delay_config.travel_time_threshold,NUMERIC,,,NESTED_FIELD
peya-data-origins-pro,cl_hurrier,vendors,dps.vendor_config.pricing_config.delay_config.updated_at,TIMESTAMP,,,NESTED_FIELD
peya-data-origins-pro,cl_hurrier,vendors,dps.vendor_config.pricing_config.mov_config,"STRUCT<id INT64, name STRING, is_fallback BOOL, travel_time_threshold NUMERIC, minimum_order_value NUMERIC, created_at TIMESTAMP, updated_at TIMESTAMP>",,,NESTED_FIELD
peya-data-origins-pro,cl_hurrier,vendors,dps.vendor_config.pricing_config.mov_config.created_at,TIMESTAMP,,,NESTED_FIELD
peya-data-origins-pro,cl_hurrier,vendors,dps.vendor_config.pricing_config.mov_config.id,INT64,,,NESTED_FIELD
peya-data-origins-pro,cl_hurrier,vendors,dps.vendor_config.pricing_config.mov_config.is_fallback,BOOL,,,NESTED_FIELD
peya-data-origins-pro,cl_hurrier,vendors,dps.vendor_config.pricing_config.mov_config.minimum_order_value,NUMERIC,,,NESTED_FIELD
peya-data-origins-pro,cl_hurrier,vendors,dps.vendor_config.pricing_config.mov_config.name,STRING,,,NESTED_FIELD
peya-data-origins-pro,cl_hurrier,vendors,dps.vendor_config.pricing_config.mov_config.travel_time_threshold,NUMERIC,,,NESTED_FIELD
peya-data-origins-pro,cl_hurrier,vendors,dps.vendor_config.pricing_config.mov_config.updated_at,TIMESTAMP,,,NESTED_FIELD
peya-data-origins-pro,cl_hurrier,vendors,dps.vendor_config.pricing_config.service_fee_config,"STRUCT<id INT64, name STRING, is_fallback BOOL, type STRING, fee NUMERIC, created_at TIMESTAMP, updated_at TIMESTAMP>",,,NESTED_FIELD
peya-data-origins-pro,cl_hurrier,vendors,dps.vendor_config.pricing_config.service_fee_config.created_at,TIMESTAMP,,,NESTED_FIELD
peya-data-origins-pro,cl_hurrier,vendors,dps.vendor_config.pricing_config.service_fee_config.fee,NUMERIC,,,NESTED_FIELD
peya-data-origins-pro,cl_hurrier,vendors,dps.vendor_config.pricing_config.service_fee_config.id,INT64,,,NESTED_FIELD
peya-data-origins-pro,cl_hurrier,vendors,dps.vendor_config.pricing_config.service_fee_config.is_fallback,BOOL,,,NESTED_FIELD
peya-data-origins-pro,cl_hurrier,vendors,dps.vendor_config.pricing_config.service_fee_config.name,STRING,,,NESTED_FIELD
peya-data-origins-pro,cl_hurrier,vendors,dps.vendor_config.pricing_config.service_fee_config.type,STRING,,,NESTED_FIELD
peya-data-origins-pro,cl_hurrier,vendors,dps.vendor_config.pricing_config.service_fee_config.updated_at,TIMESTAMP,,,NESTED_FIELD
peya-data-origins-pro,cl_hurrier,vendors,dps.vendor_config.pricing_config.travel_time_config,"STRUCT<id INT64, name STRING, is_fallback BOOL, threshold NUMERIC, fee NUMERIC, created_at TIMESTAMP, updated_at TIMESTAMP>",,,NESTED_FIELD
peya-data-origins-pro,cl_hurrier,vendors,dps.vendor_config.pricing_config.travel_time_config.created_at,TIMESTAMP,,,NESTED_FIELD
peya-data-origins-pro,cl_hurrier,vendors,dps.vendor_config.pricing_config.travel_time_config.fee,NUMERIC,,,NESTED_FIELD
peya-data-origins-pro,cl_hurrier,vendors,dps.vendor_config.pricing_config.travel_time_config.id,INT64,,,NESTED_FIELD
peya-data-origins-pro,cl_hurrier,vendors,dps.vendor_config.pricing_config.travel_time_config.is_fallback,BOOL,,,NESTED_FIELD
peya-data-origins-pro,cl_hurrier,vendors,dps.vendor_config.pricing_config.travel_time_config.name,STRING,,,NESTED_FIELD
peya-data-origins-pro,cl_hurrier,vendors,dps.vendor_config.pricing_config.travel_time_config.threshold,NUMERIC,,,NESTED_FIELD
peya-data-origins-pro,cl_hurrier,vendors,dps.vendor_config.pricing_config.travel_time_config.updated_at,TIMESTAMP,,,NESTED_FIELD
peya-data-origins-pro,cl_hurrier,vendors,dps.vendor_config.priority,NUMERIC,,,NESTED_FIELD
peya-data-origins-pro,cl_hurrier,vendors,dps.vendor_config.scheme_schedule,"STRUCT<priority NUMERIC, start_at TIMESTAMP, end_at TIMESTAMP, created_at TIMESTAMP, updated_at TIMESTAMP, active_days ARRAY<STRING>, recurrence STRING, recurrence_end_at TIMESTAMP, is_all_day BOOL, timezone STRING>",,,NESTED_FIELD
peya-data-origins-pro,cl_hurrier,vendors,dps.vendor_config.scheme_schedule.active_days,ARRAY<STRING>,,,NESTED_FIELD
peya-data-origins-pro,cl_hurrier,vendors,dps.vendor_config.scheme_schedule.created_at,TIMESTAMP,,,NESTED_FIELD
peya-data-origins-pro,cl_hurrier,vendors,dps.vendor_config.scheme_schedule.end_at,TIMESTAMP,,,NESTED_FIELD
peya-data-origins-pro,cl_hurrier,vendors,dps.vendor_config.scheme_schedule.is_all_day,BOOL,,,NESTED_FIELD
peya-data-origins-pro,cl_hurrier,vendors,dps.vendor_config.scheme_schedule.priority,NUMERIC,,,NESTED_FIELD
peya-data-origins-pro,cl_hurrier,vendors,dps.vendor_config.scheme_schedule.recurrence,STRING,,,NESTED_FIELD
peya-data-origins-pro,cl_hurrier,vendors,dps.vendor_config.scheme_schedule.recurrence_end_at,TIMESTAMP,,,NESTED_FIELD
peya-data-origins-pro,cl_hurrier,vendors,dps.vendor_config.scheme_schedule.start_at,TIMESTAMP,,,NESTED_FIELD
peya-data-origins-pro,cl_hurrier,vendors,dps.vendor_config.scheme_schedule.timezone,STRING,,,NESTED_FIELD
peya-data-origins-pro,cl_hurrier,vendors,dps.vendor_config.scheme_schedule.updated_at,TIMESTAMP,,,NESTED_FIELD
peya-data-origins-pro,cl_hurrier,vendors,dps.vendor_config.vendor_config_created_at,TIMESTAMP,,,NESTED_FIELD
peya-data-origins-pro,cl_hurrier,vendors,dps.vendor_config.vendor_config_updated_at,TIMESTAMP,,,NESTED_FIELD
peya-data-origins-pro,cl_hurrier,vendors,hurrier.city,"STRUCT<id INT64, name STRING>",,,NESTED_FIELD
peya-data-origins-pro,cl_hurrier,vendors,hurrier.city.id,INT64,,,NESTED_FIELD
peya-data-origins-pro,cl_hurrier,vendors,hurrier.city.name,STRING,,,NESTED_FIELD
peya-data-origins-pro,cl_hurrier,vendors,hurrier.country_code,STRING,,,NESTED_FIELD
peya-data-origins-pro,cl_hurrier,vendors,hurrier.created_at,TIMESTAMP,,,NESTED_FIELD
peya-data-origins-pro,cl_hurrier,vendors,hurrier.custom_stacking_value,STRING,,,NESTED_FIELD
peya-data-origins-pro,cl_hurrier,vendors,hurrier.id,INT64,,,NESTED_FIELD
peya-data-origins-pro,cl_hurrier,vendors,hurrier.is_cancelled_order_return_to_vendor,BOOL,,,NESTED_FIELD
peya-data-origins-pro,cl_hurrier,vendors,hurrier.is_order_send_immediately,BOOL,,,NESTED_FIELD
peya-data-origins-pro,cl_hurrier,vendors,hurrier.last_provided_location,GEOGRAPHY,,,NESTED_FIELD
peya-data-origins-pro,cl_hurrier,vendors,hurrier.max_stacked_orders,INT64,,,NESTED_FIELD
peya-data-origins-pro,cl_hurrier,vendors,hurrier.name,STRING,,,NESTED_FIELD
peya-data-origins-pro,cl_hurrier,vendors,hurrier.order_value_limit,FLOAT64,,,NESTED_FIELD
peya-data-origins-pro,cl_hurrier,vendors,hurrier.stacking_mode,STRING,,,NESTED_FIELD
peya-data-origins-pro,cl_hurrier,vendors,hurrier.tags,ARRAY<STRING>,,,NESTED_FIELD
peya-data-origins-pro,cl_hurrier,vendors,hurrier.updated_at,TIMESTAMP,,,NESTED_FIELD
peya-data-origins-pro,cl_hurrier,vendors,porygon.characteristics,ARRAY<STRING>,,,NESTED_FIELD
peya-data-origins-pro,cl_hurrier,vendors,porygon.country_code,STRING,,,NESTED_FIELD
peya-data-origins-pro,cl_hurrier,vendors,porygon.created_at,TIMESTAMP,,,NESTED_FIELD
peya-data-origins-pro,cl_hurrier,vendors,porygon.cuisines,ARRAY<STRING>,,,NESTED_FIELD
peya-data-origins-pro,cl_hurrier,vendors,porygon.customer_types,ARRAY<STRING>,,,NESTED_FIELD
peya-data-origins-pro,cl_hurrier,vendors,porygon.delivery_provider,ARRAY<STRING>,,,NESTED_FIELD
peya-data-origins-pro,cl_hurrier,vendors,porygon.global_entity_id,STRING,,,NESTED_FIELD
peya-data-origins-pro,cl_hurrier,vendors,porygon.is_active,BOOL,,,NESTED_FIELD
peya-data-origins-pro,cl_hurrier,vendors,porygon.is_halal,BOOL,,,NESTED_FIELD
peya-data-origins-pro,cl_hurrier,vendors,porygon.location,GEOGRAPHY,,,NESTED_FIELD
peya-data-origins-pro,cl_hurrier,vendors,porygon.name,STRING,,,NESTED_FIELD
peya-data-origins-pro,cl_hurrier,vendors,porygon.platform,STRING,,,NESTED_FIELD
peya-data-origins-pro,cl_hurrier,vendors,porygon.polygon_drive_times,"ARRAY<STRUCT<vehicle_profile STRING, drive_time INT64, shape GEOGRAPHY, shape_id STRING, created_at TIMESTAMP, updated_at TIMESTAMP>>",,,NESTED_FIELD
peya-data-origins-pro,cl_hurrier,vendors,porygon.polygon_drive_times.created_at,TIMESTAMP,,,NESTED_FIELD
peya-data-origins-pro,cl_hurrier,vendors,porygon.polygon_drive_times.drive_time,INT64,,,NESTED_FIELD
peya-data-origins-pro,cl_hurrier,vendors,porygon.polygon_drive_times.shape,GEOGRAPHY,,,NESTED_FIELD
peya-data-origins-pro,cl_hurrier,vendors,porygon.polygon_drive_times.shape_id,STRING,,,NESTED_FIELD
peya-data-origins-pro,cl_hurrier,vendors,porygon.polygon_drive_times.updated_at,TIMESTAMP,,,NESTED_FIELD
peya-data-origins-pro,cl_hurrier,vendors,porygon.polygon_drive_times.vehicle_profile,STRING,,,NESTED_FIELD
peya-data-origins-pro,cl_hurrier,vendors,porygon.tags,ARRAY<STRING>,,,NESTED_FIELD
peya-data-origins-pro,cl_hurrier,vendors,porygon.updated_at,TIMESTAMP,,,NESTED_FIELD
peya-data-origins-pro,cl_hurrier,vendors,porygon.vehicle_profile,STRING,,,NESTED_FIELD
peya-data-origins-pro,cl_hurrier,vendors,porygon.vertical_type,STRING,,,NESTED_FIELD
peya-data-origins-pro,cl_hurrier,vendors,prep_time_config.strategy,STRING,,,NESTED_FIELD
peya-data-origins-pro,cl_hurrier,vendors,prep_time_config.updated_at,TIMESTAMP,,,NESTED_FIELD
peya-data-origins-pro,cl_hurrier,vendors,time_buckets.active_from,TIMESTAMP,,,NESTED_FIELD
peya-data-origins-pro,cl_hurrier,vendors,time_buckets.active_to,TIMESTAMP,,,NESTED_FIELD
peya-data-origins-pro,cl_hurrier,vendors,time_buckets.created_by,STRING,,,NESTED_FIELD
peya-data-origins-pro,cl_hurrier,vendors,time_buckets.day_of_week,STRING,,,NESTED_FIELD
peya-data-origins-pro,cl_hurrier,vendors,time_buckets.id,STRING,,,NESTED_FIELD
peya-data-origins-pro,cl_hurrier,vendors,time_buckets.preparation_buffer,INT64,,,NESTED_FIELD
peya-data-origins-pro,cl_hurrier,vendors,time_buckets.preparation_time,INT64,,,NESTED_FIELD
peya-data-origins-pro,cl_hurrier,vendors,time_buckets.state,STRING,,,NESTED_FIELD
peya-data-origins-pro,cl_hurrier,vendors,time_buckets.time_of_day,STRING,,,NESTED_FIELD
peya-data-origins-pro,cl_hurrier,vendors,time_buckets.updated_by,STRING,,,NESTED_FIELD
peya-data-origins-pro,cl_hurrier,vendors,time_buckets_hourly.created_at,TIMESTAMP,,,NESTED_FIELD
peya-data-origins-pro,cl_hurrier,vendors,time_buckets_hourly.created_by,STRING,,,NESTED_FIELD
peya-data-origins-pro,cl_hurrier,vendors,time_buckets_hourly.day_of_week,STRING,,,NESTED_FIELD
peya-data-origins-pro,cl_hurrier,vendors,time_buckets_hourly.hour_of_day,INT64,,,NESTED_FIELD
peya-data-origins-pro,cl_hurrier,vendors,time_buckets_hourly.preparation_buffer,INT64,,,NESTED_FIELD
peya-data-origins-pro,cl_hurrier,vendors,time_buckets_hourly.preparation_time,INT64,,,NESTED_FIELD
peya-data-origins-pro,cl_hurrier,vendors,time_buckets_hourly.updated_at,TIMESTAMP,,,NESTED_FIELD
peya-data-origins-pro,cl_hurrier,vendors,time_buckets_hourly.updated_by,STRING,,,NESTED_FIELD
peya-data-origins-pro,cl_hurrier,vendors,vendor.address,"STRUCT<street STRING, building STRING, postal_code STRING, city_name STRING, location GEOGRAPHY>",,,NESTED_FIELD
peya-data-origins-pro,cl_hurrier,vendors,vendor.address.building,STRING,,,NESTED_FIELD
peya-data-origins-pro,cl_hurrier,vendors,vendor.address.city_name,STRING,,,NESTED_FIELD
peya-data-origins-pro,cl_hurrier,vendors,vendor.address.location,GEOGRAPHY,,,NESTED_FIELD
peya-data-origins-pro,cl_hurrier,vendors,vendor.address.postal_code,STRING,,,NESTED_FIELD
peya-data-origins-pro,cl_hurrier,vendors,vendor.address.street,STRING,,,NESTED_FIELD
peya-data-origins-pro,cl_hurrier,vendors,vendor.client,"STRUCT<name STRING, pos_integration_flow STRING>",,,NESTED_FIELD
peya-data-origins-pro,cl_hurrier,vendors,vendor.client.name,STRING,,,NESTED_FIELD
peya-data-origins-pro,cl_hurrier,vendors,vendor.client.pos_integration_flow,STRING,,,NESTED_FIELD
peya-data-origins-pro,cl_hurrier,vendors,vendor.contract_plan,STRING,,,NESTED_FIELD
peya-data-origins-pro,cl_hurrier,vendors,vendor.contracts,"STRUCT<region STRING, country_code STRING, id INT64, operator_code STRING, name STRING, delivery_type STRING, value INT64, deleted BOOL, enabled BOOL>",,,NESTED_FIELD
peya-data-origins-pro,cl_hurrier,vendors,vendor.contracts.country_code,STRING,,,NESTED_FIELD
peya-data-origins-pro,cl_hurrier,vendors,vendor.contracts.deleted,BOOL,,,NESTED_FIELD
peya-data-origins-pro,cl_hurrier,vendors,vendor.contracts.delivery_type,STRING,,,NESTED_FIELD
peya-data-origins-pro,cl_hurrier,vendors,vendor.contracts.enabled,BOOL,,,NESTED_FIELD
peya-data-origins-pro,cl_hurrier,vendors,vendor.contracts.id,INT64,,,NESTED_FIELD
peya-data-origins-pro,cl_hurrier,vendors,vendor.contracts.name,STRING,,,NESTED_FIELD
peya-data-origins-pro,cl_hurrier,vendors,vendor.contracts.operator_code,STRING,,,NESTED_FIELD
peya-data-origins-pro,cl_hurrier,vendors,vendor.contracts.region,STRING,,,NESTED_FIELD
peya-data-origins-pro,cl_hurrier,vendors,vendor.contracts.value,INT64,,,NESTED_FIELD
peya-data-origins-pro,cl_hurrier,vendors,vendor.country_iso,STRING,,,NESTED_FIELD
peya-data-origins-pro,cl_hurrier,vendors,vendor.delivery_platform,STRING,,,NESTED_FIELD
peya-data-origins-pro,cl_hurrier,vendors,vendor.delivery_type,ARRAY<STRING>,,,NESTED_FIELD
peya-data-origins-pro,cl_hurrier,vendors,vendor.history_is_busy_mode_check_in_enabled,"ARRAY<STRUCT<is_busy_mode_check_in_enabled BOOL, is_busy_mode_check_in_enabled_updated_at TIMESTAMP>>",,,NESTED_FIELD
peya-data-origins-pro,cl_hurrier,vendors,vendor.history_is_busy_mode_check_in_enabled.is_busy_mode_check_in_enabled,BOOL,,,NESTED_FIELD
peya-data-origins-pro,cl_hurrier,vendors,vendor.history_is_busy_mode_check_in_enabled.is_busy_mode_check_in_enabled_updated_at,TIMESTAMP,,,NESTED_FIELD
peya-data-origins-pro,cl_hurrier,vendors,vendor.history_is_working_hours_check_in_enabled,"ARRAY<STRUCT<is_working_hours_check_in_enabled BOOL, is_working_hours_check_in_enabled_updated_at TIMESTAMP>>",,,NESTED_FIELD
peya-data-origins-pro,cl_hurrier,vendors,vendor.history_is_working_hours_check_in_enabled.is_working_hours_check_in_enabled,BOOL,,,NESTED_FIELD
peya-data-origins-pro,cl_hurrier,vendors,vendor.history_is_working_hours_check_in_enabled.is_working_hours_check_in_enabled_updated_at,TIMESTAMP,,,NESTED_FIELD
peya-data-origins-pro,cl_hurrier,vendors,vendor.is_active,BOOL,,,NESTED_FIELD
peya-data-origins-pro,cl_hurrier,vendors,vendor.is_busy_mode_check_in_enabled,BOOL,,,NESTED_FIELD
peya-data-origins-pro,cl_hurrier,vendors,vendor.is_latest,BOOL,,,NESTED_FIELD
peya-data-origins-pro,cl_hurrier,vendors,vendor.is_monitor_enabled,BOOL,,,NESTED_FIELD
peya-data-origins-pro,cl_hurrier,vendors,vendor.is_monitor_enabled_history,"ARRAY<STRUCT<is_monitor_enabled BOOL, updated_at TIMESTAMP, is_latest BOOL>>",,,NESTED_FIELD
peya-data-origins-pro,cl_hurrier,vendors,vendor.is_monitor_enabled_history.is_latest,BOOL,,,NESTED_FIELD
peya-data-origins-pro,cl_hurrier,vendors,vendor.is_monitor_enabled_history.is_monitor_enabled,BOOL,,,NESTED_FIELD
peya-data-origins-pro,cl_hurrier,vendors,vendor.is_monitor_enabled_history.updated_at,TIMESTAMP,,,NESTED_FIELD
peya-data-origins-pro,cl_hurrier,vendors,vendor.is_working_hours_check_in_enabled,BOOL,,,NESTED_FIELD
peya-data-origins-pro,cl_hurrier,vendors,vendor.location,"STRUCT<h3_level_8_index STRING, h3_level_9_index STRING>",,,NESTED_FIELD
peya-data-origins-pro,cl_hurrier,vendors,vendor.location.h3_level_8_index,STRING,,,NESTED_FIELD
peya-data-origins-pro,cl_hurrier,vendors,vendor.location.h3_level_9_index,STRING,,,NESTED_FIELD
peya-data-origins-pro,cl_hurrier,vendors,vendor.operator_code,STRING,,,NESTED_FIELD
peya-data-origins-pro,cl_hurrier,vendors,vendor.pos,"STRUCT<integration_code STRING, integration_name STRING, is_pos_integration_active BOOL, chain_name STRING, chain_code STRING>",,,NESTED_FIELD
peya-data-origins-pro,cl_hurrier,vendors,vendor.pos.chain_code,STRING,,,NESTED_FIELD
peya-data-origins-pro,cl_hurrier,vendors,vendor.pos.chain_name,STRING,,,NESTED_FIELD
peya-data-origins-pro,cl_hurrier,vendors,vendor.pos.integration_code,STRING,,,NESTED_FIELD
peya-data-origins-pro,cl_hurrier,vendors,vendor.pos.integration_name,STRING,,,NESTED_FIELD
peya-data-origins-pro,cl_hurrier,vendors,vendor.pos.is_pos_integration_active,BOOL,,,NESTED_FIELD
peya-data-origins-pro,cl_hurrier,vendors,vendor.region,STRING,,,NESTED_FIELD
peya-data-origins-pro,cl_hurrier,vendors,vendor.rps_global_key,STRING,,,NESTED_FIELD
peya-data-origins-pro,cl_hurrier,vendors,vendor.salesforce_grid_id,STRING,,,NESTED_FIELD
peya-data-origins-pro,cl_hurrier,vendors,vendor.service,STRING,,,NESTED_FIELD
peya-data-origins-pro,cl_hurrier,vendors,vendor.timezone,STRING,,,NESTED_FIELD
peya-data-origins-pro,cl_hurrier,vendors,vendor.updated_at,TIMESTAMP,,,NESTED_FIELD
peya-data-origins-pro,cl_hurrier,vendors,vendor.vendor_id,STRING,,,NESTED_FIELD
peya-data-origins-pro,cl_hurrier,vendors,vendor.vendor_name,STRING,,,NESTED_FIELD
peya-data-origins-pro,cl_hurrier,vendors,zones.country_code,STRING,,,NESTED_FIELD
peya-data-origins-pro,cl_hurrier,vendors,zones.id,INT64,,,NESTED_FIELD
peya-data-origins-pro,cl_hurrier,vendors,zones.name,STRING,,,NESTED_FIELD
peya-datamarts-pro,dm_fulfillment,non_seamless_delivery_order_level,platform_order_code,INT64,1,YES,TOP_LEVEL
peya-datamarts-pro,dm_fulfillment,non_seamless_delivery_order_level,platform_order_code_str,STRING,2,YES,TOP_LEVEL
peya-datamarts-pro,dm_fulfillment,non_seamless_delivery_order_level,is_preorder,BOOL,3,YES,TOP_LEVEL
peya-datamarts-pro,dm_fulfillment,non_seamless_delivery_order_level,user_id,INT64,4,YES,TOP_LEVEL
peya-datamarts-pro,dm_fulfillment,non_seamless_delivery_order_level,business_type,STRING,5,YES,TOP_LEVEL
peya-datamarts-pro,dm_fulfillment,non_seamless_delivery_order_level,country_name,STRING,6,YES,TOP_LEVEL
peya-datamarts-pro,dm_fulfillment,non_seamless_delivery_order_level,city_name,STRING,7,YES,TOP_LEVEL
peya-datamarts-pro,dm_fulfillment,non_seamless_delivery_order_level,zone_name,STRING,8,YES,TOP_LEVEL
peya-datamarts-pro,dm_fulfillment,non_seamless_delivery_order_level,created_at_local,TIMESTAMP,9,YES,TOP_LEVEL
peya-datamarts-pro,dm_fulfillment,non_seamless_delivery_order_level,created_date_local,DATE,10,YES,TOP_LEVEL
peya-datamarts-pro,dm_fulfillment,non_seamless_delivery_order_level,yearmonth,STRING,11,YES,TOP_LEVEL
peya-datamarts-pro,dm_fulfillment,non_seamless_delivery_order_level,non_seamless_order,BOOL,12,YES,TOP_LEVEL
peya-datamarts-pro,dm_fulfillment,non_seamless_delivery_order_level,non_seamless_type,STRING,13,YES,TOP_LEVEL
peya-datamarts-pro,dm_fulfillment,non_seamless_delivery_order_level,dts,STRING,14,YES,TOP_LEVEL
peya-datamarts-pro,dm_fulfillment,non_seamless_delivery_order_level,slow_order,STRING,15,YES,TOP_LEVEL
peya-datamarts-pro,dm_fulfillment,non_seamless_delivery_order_level,is_slow_order,INT64,16,YES,TOP_LEVEL
peya-datamarts-pro,dm_fulfillment,non_seamless_delivery_order_level,late_order,STRING,17,YES,TOP_LEVEL
peya-datamarts-pro,dm_fulfillment,non_seamless_delivery_order_level,is_late_order,INT64,18,YES,TOP_LEVEL
peya-datamarts-pro,dm_fulfillment,non_seamless_delivery_order_level,session_order,STRING,19,YES,TOP_LEVEL
peya-datamarts-pro,dm_fulfillment,non_seamless_delivery_order_level,is_session_order,INT64,20,YES,TOP_LEVEL
peya-datamarts-pro,dm_fulfillment,non_seamless_delivery_order_level,contact_reason_l3,STRING,21,YES,TOP_LEVEL
peya-datamarts-pro,dm_fulfillment,non_seamless_delivery_order_level,rejected_order,STRING,22,YES,TOP_LEVEL
peya-datamarts-pro,dm_fulfillment,non_seamless_delivery_order_level,is_rejected_order,INT64,23,YES,TOP_LEVEL
peya-datamarts-pro,dm_fulfillment,non_seamless_delivery_order_level,actual_delivery_time,FLOAT64,24,YES,TOP_LEVEL
peya-datamarts-pro,dm_fulfillment,non_seamless_delivery_order_level,max_pdt,INT64,25,YES,TOP_LEVEL
peya-datamarts-pro,dm_fulfillment,non_seamless_delivery_order_level,late_order_bucket,STRING,26,YES,TOP_LEVEL
peya-datamarts-pro,dm_fulfillment,non_seamless_delivery_order_level,session_type,STRING,27,YES,TOP_LEVEL
peya-datamarts-pro,dm_fulfillment,non_seamless_delivery_order_level,live_order_session,STRING,28,YES,TOP_LEVEL
peya-datamarts-pro,dm_fulfillment,non_seamless_delivery_order_level,pdi_session,INT64,29,YES,TOP_LEVEL
peya-datamarts-pro,dm_fulfillment,non_seamless_delivery_order_level,rejectMessage,STRING,30,YES,TOP_LEVEL
peya-datamarts-pro,dm_fulfillment,non_seamless_delivery_order_level,time_to_cancel,INT64,31,YES,TOP_LEVEL
peya-datamarts-pro,dm_fulfillment,non_seamless_delivery_order_level,session_id,STRING,32,YES,TOP_LEVEL
peya-datamarts-pro,dm_fulfillment,non_seamless_delivery_order_level,modified_order,STRING,33,YES,TOP_LEVEL
peya-datamarts-pro,dm_fulfillment,non_seamless_delivery_order_level,is_modified_order,INT64,34,YES,TOP_LEVEL
peya-datamarts-pro,dm_fulfillment,non_seamless_delivery_order_level,forced_preorder,STRING,35,YES,TOP_LEVEL
peya-datamarts-pro,dm_fulfillment,non_seamless_delivery_order_level,is_forced_preorder,INT64,36,YES,TOP_LEVEL
peya-delivery-and-support,automated_tables_reports,non_seamless_reasons,created_date_local,DATE,1,YES,TOP_LEVEL
peya-delivery-and-support,automated_tables_reports,non_seamless_reasons,order_id,INT64,2,YES,TOP_LEVEL
peya-delivery-and-support,automated_tables_reports,non_seamless_reasons,partner_id,INT64,3,YES,TOP_LEVEL
peya-delivery-and-support,automated_tables_reports,non_seamless_reasons,country_name,STRING,4,YES,TOP_LEVEL
peya-delivery-and-support,automated_tables_reports,non_seamless_reasons,city_name,STRING,5,YES,TOP_LEVEL
peya-delivery-and-support,automated_tables_reports,non_seamless_reasons,business_type,STRING,6,YES,TOP_LEVEL
peya-delivery-and-support,automated_tables_reports,non_seamless_reasons,mission_type,STRING,7,YES,TOP_LEVEL
peya-delivery-and-support,automated_tables_reports,non_seamless_reasons,vendor_type,STRING,8,YES,TOP_LEVEL
peya-delivery-and-support,automated_tables_reports,non_seamless_reasons,slow_threshold,INT64,9,YES,TOP_LEVEL
peya-delivery-and-support,automated_tables_reports,non_seamless_reasons,is_slow_order,INT64,10,YES,TOP_LEVEL
peya-delivery-and-support,automated_tables_reports,non_seamless_reasons,is_late_order,INT64,11,YES,TOP_LEVEL
peya-delivery-and-support,automated_tables_reports,non_seamless_reasons,is_session_order,INT64,12,YES,TOP_LEVEL
peya-delivery-and-support,automated_tables_reports,non_seamless_reasons,is_rejected_order,INT64,13,YES,TOP_LEVEL
peya-delivery-and-support,automated_tables_reports,non_seamless_reasons,is_forced_preorder,INT64,14,YES,TOP_LEVEL
peya-delivery-and-support,automated_tables_reports,non_seamless_reasons,is_modified_order,INT64,15,YES,TOP_LEVEL
peya-delivery-and-support,automated_tables_reports,non_seamless_reasons,actual_delivery_time,FLOAT64,16,YES,TOP_LEVEL
peya-delivery-and-support,automated_tables_reports,non_seamless_reasons,max_pdt,INT64,17,YES,TOP_LEVEL
peya-delivery-and-support,automated_tables_reports,non_seamless_reasons,hour_tier,STRING,18,YES,TOP_LEVEL
peya-delivery-and-support,automated_tables_reports,non_seamless_reasons,payment_method,STRING,19,YES,TOP_LEVEL
peya-delivery-and-support,automated_tables_reports,non_seamless_reasons,is_holiday,BOOL,20,YES,TOP_LEVEL
peya-delivery-and-support,automated_tables_reports,non_seamless_reasons,weather_type,STRING,21,YES,TOP_LEVEL
peya-delivery-and-support,automated_tables_reports,non_seamless_reasons,key_account,BOOL,22,YES,TOP_LEVEL
peya-delivery-and-support,automated_tables_reports,non_seamless_reasons,franchise_name,STRING,23,YES,TOP_LEVEL
peya-delivery-and-support,automated_tables_reports,non_seamless_reasons,trust_segment,STRING,24,YES,TOP_LEVEL
peya-delivery-and-support,automated_tables_reports,non_seamless_reasons,trust_segment_detail,STRING,25,YES,TOP_LEVEL
peya-delivery-and-support,automated_tables_reports,non_seamless_reasons,trust_segment_care,STRING,26,YES,TOP_LEVEL
peya-delivery-and-support,automated_tables_reports,non_seamless_reasons,rider_segment,STRING,27,YES,TOP_LEVEL
peya-delivery-and-support,automated_tables_reports,non_seamless_reasons,discount_paid_by,STRING,28,YES,TOP_LEVEL
peya-delivery-and-support,automated_tables_reports,non_seamless_reasons,is_time_related_failrate,STRING,29,YES,TOP_LEVEL
peya-delivery-and-support,automated_tables_reports,non_seamless_reasons,reject_reason,STRING,30,YES,TOP_LEVEL
peya-delivery-and-support,automated_tables_reports,non_seamless_reasons,accionador_level1,STRING,31,YES,TOP_LEVEL
peya-delivery-and-support,automated_tables_reports,non_seamless_reasons,inaccuracy_reason,STRING,32,YES,TOP_LEVEL
peya-delivery-and-support,automated_tables_reports,non_seamless_reasons,undispatch_reason,STRING,33,YES,TOP_LEVEL
peya-delivery-and-support,automated_tables_reports,non_seamless_reasons,staffing_affection_minutes,INT64,34,YES,TOP_LEVEL
peya-delivery-and-support,automated_tables_reports,non_seamless_reasons,undispatch_impact,FLOAT64,35,YES,TOP_LEVEL
peya-delivery-and-support,automated_tables_reports,non_seamless_reasons,awt_impact,FLOAT64,36,YES,TOP_LEVEL
peya-delivery-and-support,automated_tables_reports,non_seamless_reasons,cousine_type,STRING,37,YES,TOP_LEVEL
peya-delivery-and-support,automated_tables_reports,non_seamless_reasons,estimated_prep_time,FLOAT64,38,YES,TOP_LEVEL
peya-delivery-and-support,automated_tables_reports,non_seamless_reasons,estimated_prep_buffer,FLOAT64,39,YES,TOP_LEVEL
peya-delivery-and-support,automated_tables_reports,non_seamless_reasons,high_prep_time_threshold,FLOAT64,40,YES,TOP_LEVEL
peya-delivery-and-support,automated_tables_reports,non_seamless_reasons,estimated_driving_time,FLOAT64,41,YES,TOP_LEVEL
peya-delivery-and-support,automated_tables_reports,non_seamless_reasons,estimated_walk_out_duration,FLOAT64,42,YES,TOP_LEVEL
peya-delivery-and-support,automated_tables_reports,non_seamless_reasons,high_driving_time_threshold,FLOAT64,43,YES,TOP_LEVEL
peya-delivery-and-support,automated_tables_reports,non_seamless_reasons,high_prep_time_and_driving_time_threshold,FLOAT64,44,YES,TOP_LEVEL
peya-delivery-and-support,automated_tables_reports,non_seamless_reasons,eta_too_long_causals,STRING,45,YES,TOP_LEVEL
peya-delivery-and-support,automated_tables_reports,non_seamless_reasons,min_over_pt_threshold,FLOAT64,46,YES,TOP_LEVEL
peya-delivery-and-support,automated_tables_reports,non_seamless_reasons,contact_reason_l2,STRING,47,YES,TOP_LEVEL
peya-delivery-and-support,automated_tables_reports,non_seamless_reasons,is_time_related_session,STRING,48,YES,TOP_LEVEL
peya-delivery-and-support,automated_tables_reports,non_seamless_reasons,SEAMLESS,INT64,49,YES,TOP_LEVEL
peya-delivery-and-support,automated_tables_reports,non_seamless_reasons,modification_detailed_reason,STRING,50,YES,TOP_LEVEL
peya-delivery-and-support,automated_tables_reports,non_seamless_reasons,order_next_bucket,INT64,51,YES,TOP_LEVEL
peya-delivery-and-support,automated_tables_reports,non_seamless_reasons,FR_TIME_RELATED,FLOAT64,52,YES,TOP_LEVEL
peya-delivery-and-support,automated_tables_reports,non_seamless_reasons,FR_ANXIOUS_USER,FLOAT64,53,YES,TOP_LEVEL
peya-delivery-and-support,automated_tables_reports,non_seamless_reasons,FR_STAFFING,FLOAT64,54,YES,TOP_LEVEL
peya-delivery-and-support,automated_tables_reports,non_seamless_reasons,FR_PARTNER_PERFORMANCE,FLOAT64,55,YES,TOP_LEVEL
peya-delivery-and-support,automated_tables_reports,non_seamless_reasons,FR_RIDER_PERFORMANCE,FLOAT64,56,YES,TOP_LEVEL
peya-delivery-and-support,automated_tables_reports,non_seamless_reasons,FR_OTHER_ORDER_RELATED,FLOAT64,57,YES,TOP_LEVEL
peya-delivery-and-support,automated_tables_reports,non_seamless_reasons,FR_OTHER_NON_ORDER_RELATED,FLOAT64,58,YES,TOP_LEVEL
peya-delivery-and-support,automated_tables_reports,non_seamless_reasons,SR_TIME_RELATED,FLOAT64,59,YES,TOP_LEVEL
peya-delivery-and-support,automated_tables_reports,non_seamless_reasons,SR_ANXIOUS_USER,FLOAT64,60,YES,TOP_LEVEL
peya-delivery-and-support,automated_tables_reports,non_seamless_reasons,SR_PARTNER_PERFORMANCE,FLOAT64,61,YES,TOP_LEVEL
peya-delivery-and-support,automated_tables_reports,non_seamless_reasons,SR_RIDER_PERFORMANCE,FLOAT64,62,YES,TOP_LEVEL
peya-delivery-and-support,automated_tables_reports,non_seamless_reasons,SR_OTHER_ORDER_RELATED,FLOAT64,63,YES,TOP_LEVEL
peya-delivery-and-support,automated_tables_reports,non_seamless_reasons,SR_OTHER_NON_ORDER_RELATED,FLOAT64,64,YES,TOP_LEVEL
peya-delivery-and-support,automated_tables_reports,non_seamless_reasons,SR_PARTNER_PERFORMANCE_WITHOUT_INACCURACY,FLOAT64,65,YES,TOP_LEVEL
peya-delivery-and-support,automated_tables_reports,non_seamless_reasons,TR_STAFFING,FLOAT64,66,YES,TOP_LEVEL
peya-delivery-and-support,automated_tables_reports,non_seamless_reasons,TR_RIDER_PERFO,FLOAT64,67,YES,TOP_LEVEL
peya-delivery-and-support,automated_tables_reports,non_seamless_reasons,TR_PARTNER_PERFO,FLOAT64,68,YES,TOP_LEVEL
peya-delivery-and-support,automated_tables_reports,non_seamless_reasons,TR_STAFFING_AND_RIDER_PERFO,FLOAT64,69,YES,TOP_LEVEL
peya-delivery-and-support,automated_tables_reports,non_seamless_reasons,TR_STAFFING_AND_PARTNER_PERFO,FLOAT64,70,YES,TOP_LEVEL
peya-delivery-and-support,automated_tables_reports,non_seamless_reasons,TR_RIDER_AND_PARTNER_PERFO,FLOAT64,71,YES,TOP_LEVEL
peya-delivery-and-support,automated_tables_reports,non_seamless_reasons,TR_STAFFING_RIDER_AND_PARTNER_PERFO,FLOAT64,72,YES,TOP_LEVEL
peya-delivery-and-support,automated_tables_reports,non_seamless_reasons,TR_COMBINATION,FLOAT64,73,YES,TOP_LEVEL
peya-delivery-and-support,automated_tables_reports,non_seamless_reasons,TR_HIGH_PREP_TIME,FLOAT64,74,YES,TOP_LEVEL
peya-delivery-and-support,automated_tables_reports,non_seamless_reasons,TR_HIGH_DISTANCE,FLOAT64,75,YES,TOP_LEVEL
peya-delivery-and-support,automated_tables_reports,non_seamless_reasons,TR_HIGH_PREP_TIME_AND_DISTANCE,FLOAT64,76,YES,TOP_LEVEL
peya-delivery-and-support,automated_tables_reports,non_seamless_reasons,TR_HIGH_PREP_TIME_AND_DISTANCE_COMBINATION,FLOAT64,77,YES,TOP_LEVEL
peya-delivery-and-support,automated_tables_reports,non_seamless_reasons,TR_MODEL_ACCURACY,FLOAT64,78,YES,TOP_LEVEL
peya-delivery-and-support,automated_tables_reports,non_seamless_reasons,TR_FORCED_PREORDER,FLOAT64,79,YES,TOP_LEVEL
peya-delivery-and-support,automated_tables_reports,non_seamless_reasons,E_MODIFIED_ORDER,FLOAT64,80,YES,TOP_LEVEL
peya-delivery-and-support,automated_tables_reports,non_seamless_reasons,mod_quantity,INT64,81,YES,TOP_LEVEL
peya-delivery-and-support,automated_tables_reports,non_seamless_reasons,mod_weightable,INT64,82,YES,TOP_LEVEL
peya-delivery-and-support,automated_tables_reports,non_seamless_reasons,mod_price,INT64,83,YES,TOP_LEVEL
peya-delivery-and-support,automated_tables_reports,non_seamless_reasons,mod_order_replacement,INT64,84,YES,TOP_LEVEL
peya-delivery-and-support,automated_tables_reports,non_seamless_reasons,mond_not_found,INT64,85,YES,TOP_LEVEL
peya-delivery-and-support,automated_tables_reports,non_seamless_reasons,total_mod_causes,INT64,86,YES,TOP_LEVEL
peya-delivery-and-support,automated_tables_reports,non_seamless_reasons,TOTAL_ORDERS,INT64,87,YES,TOP_LEVEL
peya-delivery-and-support,automated_tables_reports,non_seamless_reasons,PARTNER_PERFORMANCE,FLOAT64,88,YES,TOP_LEVEL
peya-delivery-and-support,automated_tables_reports,non_seamless_reasons,STAFFING,FLOAT64,89,YES,TOP_LEVEL
peya-delivery-and-support,automated_tables_reports,non_seamless_reasons,RIDER_PERFORMANCE,FLOAT64,90,YES,TOP_LEVEL
peya-delivery-and-support,automated_tables_reports,non_seamless_reasons,PREDICTION_MODEL,FLOAT64,91,YES,TOP_LEVEL
peya-delivery-and-support,automated_tables_reports,non_seamless_reasons,ANXIOUS_USER,FLOAT64,92,YES,TOP_LEVEL
peya-delivery-and-support,automated_tables_reports,non_seamless_reasons,OTHER_SESSIONS,FLOAT64,93,YES,TOP_LEVEL
peya-delivery-and-support,automated_tables_reports,non_seamless_reasons,OTHER_CANCELLATIONS,FLOAT64,94,YES,TOP_LEVEL
peya-delivery-and-support,automated_tables_reports,non_seamless_reasons,DISTANCES,FLOAT64,95,YES,TOP_LEVEL
peya-delivery-and-support,automated_tables_reports,non_seamless_reasons,E_MOD_QUANTITY,FLOAT64,96,YES,TOP_LEVEL
peya-delivery-and-support,automated_tables_reports,non_seamless_reasons,E_MOD_WEIGHTABLE,FLOAT64,97,YES,TOP_LEVEL
peya-delivery-and-support,automated_tables_reports,non_seamless_reasons,E_MOD_PRICE,FLOAT64,98,YES,TOP_LEVEL
peya-delivery-and-support,automated_tables_reports,non_seamless_reasons,E_MOD_ORDER_REPLACEMENT,FLOAT64,99,YES,TOP_LEVEL
peya-delivery-and-support,automated_tables_reports,non_seamless_reasons,E_NOT_FOUND,FLOAT64,100,YES,TOP_LEVEL